Age,Heights,matches,goals,y_card,Homegrown,Position,Transfer_year,Continent,european_competitions,Foot
Age_25_28,Heights_178_183,matches_0_20,goals_5_36,y_card_0_2,Homegrown,Forward,Transfer_year_2010,Europe,no_participation,right
Age_21_23,Heights_159_178,matches_20_30,goals_1_5,y_card_0_2,Homegrown,Midfielder,Transfer_year_2010,Europe,no_participation,right
Age_25_28,Heights_159_178,matches_0_20,goals_0_1,y_card_0_2,not_Homegrown,Midfielder,Transfer_year_2010,Africa,champions_league,right
Age_23_25,Heights_159_178,matches_30_37,goals_5_36,y_card_2_5,Homegrown,Midfielder,Transfer_year_2010,Europe,no_participation,right
Age_23_25,Heights_183_188,matches_0_20,goals_0_1,y_card_0_2,Homegrown,Defender,Transfer_year_2010,Africa,no_participation,right
Age_28_36,Heights_159_178,matches_20_30,goals_0_1,y_card_0_2,Homegrown,Defender,Transfer_year_2010,Europe,no_participation,left
Age_25_28,Heights_178_183,matches_0_20,goals_0_1,y_card_0_2,Homegrown,Midfielder,Transfer_year_2010,Europe,no_participation,right
Age_25_28,Heights_159_178,matches_20_30,goals_5_36,y_card_0_2,Homegrown,Forward,Transfer_year_2010,Europe,no_participation,right
Age_21_23,Heights_178_183,matches_0_20,goals_1_5,y_card_0_2,not_Homegrown,Midfielder,Transfer_year_2010,Europe,no_participation,right
Age_21_23,Heights_188_206,matches_0_20,goals_0_1,y_card_0_2,Homegrown,Defender,Transfer_year_2010,Europe,no_participation,right
Age_16_21,Heights_188_206,matches_0_20,goals_0_1,y_card_0_2,Homegrown,Defender,Transfer_year_2010,Europe,no_participation,right
Age_16_21,Heights_178_183,matches_30_37,goals_1_5,y_card_0_2,Homegrown,Forward,Transfer_year_2010,Europe,no_participation,right
Age_25_28,Heights_188_206,matches_30_37,goals_5_36,y_card_0_2,Homegrown,Forward,Transfer_year_2010,Europe,no_participation,left
Age_25_28,Heights_178_183,matches_37_56,goals_1_5,y_card_2_5,not_Homegrown,Defender,Transfer_year_2010,Europe,europa_league,right
Age_16_21,Heights_188_206,matches_20_30,goals_0_1,y_card_2_5,not_Homegrown,Forward,Transfer_year_2010,South_America,no_participation,right
Age_23_25,Heights_183_188,matches_20_30,goals_5_36,y_card_0_2,not_Homegrown,Forward,Transfer_year_2010,Europe,no_participation,right
Age_21_23,Heights_159_178,matches_30_37,goals_0_1,y_card_5_18,not_Homegrown,Midfielder,Transfer_year_2010,Europe,no_participation,both
Age_25_28,Heights_188_206,matches_30_37,goals_1_5,y_card_5_18,Homegrown,Defender,Transfer_year_2010,Europe,no_participation,right
Age_16_21,Heights_188_206,matches_0_20,goals_0_1,y_card_0_2,Homegrown,Defender,Transfer_year_2010,Europe,europa_league,right
Age_21_23,Heights_159_178,matches_20_30,goals_5_36,y_card_5_18,not_Homegrown,Forward,Transfer_year_2010,North_America,no_participation,right
Age_21_23,Heights_159_178,matches_0_20,goals_1_5,y_card_2_5,not_Homegrown,Forward,Transfer_year_2010,Europe,no_participation,left
Age_25_28,Heights_188_206,matches_0_20,goals_0_1,y_card_0_2,Homegrown,Goalkeeper,Transfer_year_2010,Europe,champions_league,left
Age_25_28,Heights_188_206,matches_37_56,goals_5_36,y_card_0_2,not_Homegrown,Midfielder,Transfer_year_2010,Africa,europa_league,both
Age_28_36,Heights_178_183,matches_0_20,goals_0_1,y_card_0_2,not_Homegrown,Forward,Transfer_year_2010,Africa,no_participation,right
Age_25_28,Heights_188_206,matches_20_30,goals_0_1,y_card_0_2,Homegrown,Goalkeeper,Transfer_year_2010,Europe,no_participation,right
Age_25_28,Heights_183_188,matches_37_56,goals_1_5,y_card_5_18,not_Homegrown,Defender,Transfer_year_2010,Europe,europa_league,right
Age_16_21,Heights_183_188,matches_37_56,goals_5_36,y_card_0_2,Homegrown,Defender,Transfer_year_2010,Europe,no_participation,right
Age_21_23,Heights_183_188,matches_30_37,goals_1_5,y_card_2_5,not_Homegrown,Midfielder,Transfer_year_2010,Europe,champions_league,left
Age_21_23,Heights_183_188,matches_0_20,goals_0_1,y_card_2_5,not_Homegrown,Defender,Transfer_year_2010,Africa,europa_league,right
Age_28_36,Heights_159_178,matches_30_37,goals_0_1,y_card_2_5,not_Homegrown,Defender,Transfer_year_2010,North_America,europa_league,right
Age_28_36,Heights_159_178,matches_30_37,goals_0_1,y_card_2_5,Homegrown,Defender,Transfer_year_2010,Europe,europa_league,left
Age_21_23,Heights_178_183,matches_0_20,goals_0_1,y_card_0_2,not_Homegrown,Midfielder,Transfer_year_2010,Europe,no_participation,left
Age_23_25,Heights_178_183,matches_30_37,goals_0_1,y_card_5_18,not_Homegrown,Midfielder,Transfer_year_2010,Africa,europa_league,right
Age_23_25,Heights_178_183,matches_0_20,goals_0_1,y_card_2_5,Homegrown,Defender,Transfer_year_2010,Europe,no_participation,right
Age_21_23,Heights_188_206,matches_0_20,goals_5_36,y_card_2_5,Homegrown,Forward,Transfer_year_2010,Europe,europa_league,left
Age_25_28,Heights_183_188,matches_20_30,goals_5_36,y_card_5_18,not_Homegrown,Forward,Transfer_year_2010,Europe,europa_league,right
Age_21_23,Heights_188_206,matches_20_30,goals_0_1,y_card_5_18,not_Homegrown,Defender,Transfer_year_2010,South_America,champions_league,right
Age_21_23,Heights_178_183,matches_30_37,goals_1_5,y_card_2_5,not_Homegrown,Midfielder,Transfer_year_2010,South_America,europa_league,right
Age_28_36,Heights_159_178,matches_37_56,goals_5_36,y_card_0_2,not_Homegrown,Forward,Transfer_year_2010,Asia,Multiple,right
Age_16_21,Heights_188_206,matches_20_30,goals_0_1,y_card_0_2,not_Homegrown,Goalkeeper,Transfer_year_2010,Europe,no_participation,right
Age_28_36,Heights_178_183,matches_20_30,goals_0_1,y_card_2_5,not_Homegrown,Defender,Transfer_year_2010,Europe,champions_league,right
Age_16_21,Heights_159_178,matches_37_56,goals_5_36,y_card_2_5,Homegrown,Forward,Transfer_year_2010,Europe,europa_league,right
Age_16_21,Heights_159_178,matches_0_20,goals_0_1,y_card_0_2,Homegrown,Forward,Transfer_year_2010,Europe,no_participation,right
Age_21_23,Heights_183_188,matches_30_37,goals_5_36,y_card_0_2,not_Homegrown,Forward,Transfer_year_2010,Europe,no_participation,left
Age_25_28,Heights_159_178,matches_20_30,goals_5_36,y_card_2_5,Homegrown,Midfielder,Transfer_year_2010,Europe,no_participation,left
Age_21_23,Heights_188_206,matches_20_30,goals_0_1,y_card_0_2,not_Homegrown,Defender,Transfer_year_2010,Europe,no_participation,right
Age_23_25,Heights_159_178,matches_20_30,goals_0_1,y_card_2_5,not_Homegrown,Midfielder,Transfer_year_2010,Africa,no_participation,right
Age_21_23,Heights_178_183,matches_20_30,goals_5_36,y_card_2_5,Homegrown,Forward,Transfer_year_2010,Europe,no_participation,left
Age_21_23,Heights_159_178,matches_0_20,goals_0_1,y_card_0_2,Homegrown,Midfielder,Transfer_year_2010,Europe,no_participation,left
Age_25_28,Heights_188_206,matches_20_30,goals_0_1,y_card_0_2,Homegrown,Defender,Transfer_year_2010,Europe,no_participation,left
Age_23_25,Heights_183_188,matches_30_37,goals_5_36,y_card_0_2,not_Homegrown,Forward,Transfer_year_2010,North_America,no_participation,right
Age_21_23,Heights_183_188,matches_20_30,goals_0_1,y_card_0_2,Homegrown,Defender,Transfer_year_2010,Europe,no_participation,both
Age_25_28,Heights_178_183,matches_37_56,goals_5_36,y_card_5_18,Homegrown,Forward,Transfer_year_2010,Europe,no_participation,right
Age_28_36,Heights_183_188,matches_0_20,goals_0_1,y_card_0_2,not_Homegrown,Forward,Transfer_year_2010,Europe,no_participation,right
Age_28_36,Heights_178_183,matches_0_20,goals_0_1,y_card_0_2,not_Homegrown,Forward,Transfer_year_2010,Asia,no_participation,both
Age_28_36,Heights_183_188,matches_20_30,goals_1_5,y_card_0_2,Homegrown,Forward,Transfer_year_2010,Europe,no_participation,right
Age_28_36,Heights_159_178,matches_20_30,goals_0_1,y_card_5_18,Homegrown,Defender,Transfer_year_2010,Europe,no_participation,right
Age_23_25,Heights_183_188,matches_30_37,goals_1_5,y_card_2_5,not_Homegrown,Defender,Transfer_year_2010,Europe,no_participation,right
Age_28_36,Heights_183_188,matches_0_20,goals_1_5,y_card_2_5,not_Homegrown,Defender,Transfer_year_2010,Europe,champions_league,right
Age_25_28,Heights_159_178,matches_20_30,goals_1_5,y_card_0_2,not_Homegrown,Forward,Transfer_year_2010,Europe,champions_league,left
Age_16_21,Heights_183_188,matches_0_20,goals_0_1,y_card_0_2,Homegrown,Midfielder,Transfer_year_2010,Europe,no_participation,right
Age_21_23,Heights_159_178,matches_20_30,goals_5_36,y_card_2_5,not_Homegrown,Forward,Transfer_year_2010,North_America,no_participation,right
Age_21_23,Heights_188_206,matches_20_30,goals_0_1,y_card_5_18,not_Homegrown,Defender,Transfer_year_2010,Oceania,no_participation,right
Age_23_25,Heights_188_206,matches_0_20,goals_5_36,y_card_0_2,not_Homegrown,Forward,Transfer_year_2010,Africa,no_participation,right
Age_25_28,Heights_159_178,matches_0_20,goals_0_1,y_card_2_5,Homegrown,Midfielder,Transfer_year_2010,Europe,no_participation,right
Age_28_36,Heights_183_188,matches_30_37,goals_1_5,y_card_0_2,not_Homegrown,Forward,Transfer_year_2010,North_America,no_participation,right
Age_21_23,Heights_188_206,matches_20_30,goals_0_1,y_card_0_2,not_Homegrown,Goalkeeper,Transfer_year_2010,Europe,no_participation,right
Age_25_28,Heights_178_183,matches_20_30,goals_5_36,y_card_2_5,not_Homegrown,Midfielder,Transfer_year_2010,Europe,no_participation,left
Age_23_25,Heights_183_188,matches_0_20,goals_1_5,y_card_0_2,not_Homegrown,Midfielder,Transfer_year_2010,Europe,no_participation,right
Age_16_21,Heights_178_183,matches_0_20,goals_0_1,y_card_0_2,not_Homegrown,Defender,Transfer_year_2010,Europe,no_participation,left
Age_21_23,Heights_188_206,matches_20_30,goals_1_5,y_card_2_5,Homegrown,Defender,Transfer_year_2010,Europe,no_participation,right
Age_16_21,Heights_188_206,matches_0_20,goals_0_1,y_card_0_2,Homegrown,Forward,Transfer_year_2010,Europe,no_participation,right
Age_28_36,Heights_188_206,matches_0_20,goals_1_5,y_card_5_18,not_Homegrown,Forward,Transfer_year_2010,Europe,europa_league,right
Age_25_28,Heights_159_178,matches_20_30,goals_1_5,y_card_2_5,not_Homegrown,Defender,Transfer_year_2010,South_America,no_participation,left
Age_28_36,Heights_188_206,matches_0_20,goals_0_1,y_card_0_2,not_Homegrown,Defender,Transfer_year_2010,Europe,no_participation,right
Age_23_25,Heights_178_183,matches_20_30,goals_5_36,y_card_2_5,not_Homegrown,Forward,Transfer_year_2010,Africa,no_participation,right
Age_25_28,Heights_159_178,matches_0_20,goals_0_1,y_card_0_2,not_Homegrown,Midfielder,Transfer_year_2010,Africa,europa_league,right
Age_21_23,Heights_188_206,matches_30_37,goals_0_1,y_card_2_5,not_Homegrown,Goalkeeper,Transfer_year_2010,Europe,no_participation,right
Age_25_28,Heights_183_188,matches_30_37,goals_0_1,y_card_5_18,not_Homegrown,Midfielder,Transfer_year_2010,Europe,no_participation,right
Age_16_21,Heights_159_178,matches_37_56,goals_5_36,y_card_5_18,Homegrown,Forward,Transfer_year_2010,Europe,no_participation,left
Age_25_28,Heights_188_206,matches_20_30,goals_5_36,y_card_0_2,Homegrown,Forward,Transfer_year_2010,Europe,no_participation,left
Age_25_28,Heights_188_206,matches_0_20,goals_0_1,y_card_0_2,not_Homegrown,Goalkeeper,Transfer_year_2010,Europe,no_participation,right
Age_28_36,Heights_183_188,matches_0_20,goals_0_1,y_card_0_2,not_Homegrown,Defender,Transfer_year_2010,South_America,no_participation,right
Age_23_25,Heights_188_206,matches_0_20,goals_5_36,y_card_2_5,not_Homegrown,Forward,Transfer_year_2010,Europe,europa_league,right
Age_25_28,Heights_183_188,matches_30_37,goals_0_1,y_card_2_5,not_Homegrown,Midfielder,Transfer_year_2010,Africa,champions_league,right
Age_16_21,Heights_188_206,matches_30_37,goals_5_36,y_card_5_18,not_Homegrown,Forward,Transfer_year_2010,Europe,champions_league,right
Age_23_25,Heights_159_178,matches_30_37,goals_5_36,y_card_5_18,not_Homegrown,Midfielder,Transfer_year_2010,Europe,europa_league,left
Age_23_25,Heights_183_188,matches_30_37,goals_1_5,y_card_5_18,not_Homegrown,Defender,Transfer_year_2010,Europe,europa_league,left
Age_16_21,Heights_188_206,matches_30_37,goals_0_1,y_card_5_18,not_Homegrown,Defender,Transfer_year_2010,Europe,europa_league,right
Age_25_28,Heights_159_178,matches_0_20,goals_0_1,y_card_0_2,not_Homegrown,Forward,Transfer_year_2010,South_America,no_participation,right
Age_23_25,Heights_178_183,matches_0_20,goals_0_1,y_card_0_2,not_Homegrown,Defender,Transfer_year_2010,Europe,no_participation,left
Age_16_21,Heights_178_183,matches_0_20,goals_1_5,y_card_0_2,not_Homegrown,Forward,Transfer_year_2010,Europe,no_participation,left
Age_16_21,Heights_183_188,matches_37_56,goals_5_36,y_card_2_5,Homegrown,Midfielder,Transfer_year_2010,Africa,no_participation,right
Age_23_25,Heights_178_183,matches_0_20,goals_5_36,y_card_5_18,not_Homegrown,Forward,Transfer_year_2010,South_America,champions_league,right
Age_25_28,Heights_178_183,matches_30_37,goals_1_5,y_card_5_18,not_Homegrown,Midfielder,Transfer_year_2010,Europe,champions_league,both
Age_25_28,Heights_188_206,matches_20_30,goals_0_1,y_card_0_2,Homegrown,Goalkeeper,Transfer_year_2010,Oceania,no_participation,left
Age_16_21,Heights_183_188,matches_0_20,goals_0_1,y_card_0_2,not_Homegrown,Defender,Transfer_year_2010,Europe,champions_league,left
Age_16_21,Heights_183_188,matches_20_30,goals_1_5,y_card_2_5,Homegrown,Midfielder,Transfer_year_2010,Europe,no_participation,right
Age_25_28,Heights_159_178,matches_37_56,goals_0_1,y_card_5_18,not_Homegrown,Midfielder,Transfer_year_2010,South_America,Multiple,right
Age_23_25,Heights_183_188,matches_0_20,goals_0_1,y_card_0_2,not_Homegrown,Forward,Transfer_year_2010,Europe,europa_league,right
Age_25_28,Heights_183_188,matches_0_20,goals_0_1,y_card_0_2,not_Homegrown,Midfielder,Transfer_year_2010,Europe,Multiple,left
Age_16_21,Heights_178_183,matches_0_20,goals_1_5,y_card_2_5,not_Homegrown,Forward,Transfer_year_2010,Europe,europa_league,right
Age_25_28,Heights_188_206,matches_37_56,goals_1_5,y_card_2_5,Homegrown,Defender,Transfer_year_2011,Europe,no_participation,right
Age_23_25,Heights_178_183,matches_0_20,goals_1_5,y_card_2_5,Homegrown,Midfielder,Transfer_year_2011,Europe,no_participation,left
Age_21_23,Heights_183_188,matches_0_20,goals_0_1,y_card_0_2,not_Homegrown,Midfielder,Transfer_year_2011,Europe,no_participation,right
Age_28_36,Heights_188_206,matches_20_30,goals_5_36,y_card_5_18,not_Homegrown,Forward,Transfer_year_2011,Europe,no_participation,right
Age_25_28,Heights_188_206,matches_30_37,goals_1_5,y_card_2_5,Homegrown,Defender,Transfer_year_2011,Europe,no_participation,right
Age_23_25,Heights_178_183,matches_20_30,goals_1_5,y_card_0_2,Homegrown,Forward,Transfer_year_2011,Europe,no_participation,right
Age_16_21,Heights_188_206,matches_20_30,goals_0_1,y_card_2_5,Homegrown,Defender,Transfer_year_2011,Europe,no_participation,left
Age_23_25,Heights_178_183,matches_37_56,goals_5_36,y_card_2_5,Homegrown,Forward,Transfer_year_2011,Europe,no_participation,right
Age_25_28,Heights_159_178,matches_30_37,goals_1_5,y_card_0_2,Homegrown,Forward,Transfer_year_2011,Europe,no_participation,right
Age_25_28,Heights_159_178,matches_37_56,goals_5_36,y_card_2_5,Homegrown,Forward,Transfer_year_2011,Europe,no_participation,right
Age_25_28,Heights_178_183,matches_37_56,goals_0_1,y_card_0_2,not_Homegrown,Goalkeeper,Transfer_year_2011,Europe,europa_league,right
Age_28_36,Heights_183_188,matches_0_20,goals_0_1,y_card_0_2,not_Homegrown,Goalkeeper,Transfer_year_2011,Europe,no_participation,right
Age_16_21,Heights_183_188,matches_0_20,goals_0_1,y_card_0_2,not_Homegrown,Defender,Transfer_year_2011,Europe,no_participation,right
Age_25_28,Heights_159_178,matches_37_56,goals_5_36,y_card_0_2,Homegrown,Midfielder,Transfer_year_2011,Europe,no_participation,right
Age_21_23,Heights_178_183,matches_20_30,goals_1_5,y_card_0_2,Homegrown,Midfielder,Transfer_year_2011,Europe,no_participation,right
Age_16_21,Heights_183_188,matches_30_37,goals_0_1,y_card_2_5,Homegrown,Defender,Transfer_year_2011,Europe,no_participation,right
Age_25_28,Heights_183_188,matches_37_56,goals_5_36,y_card_5_18,Homegrown,Forward,Transfer_year_2011,Europe,no_participation,right
Age_21_23,Heights_178_183,matches_30_37,goals_5_36,y_card_5_18,Homegrown,Forward,Transfer_year_2011,Europe,no_participation,right
Age_21_23,Heights_178_183,matches_30_37,goals_5_36,y_card_2_5,Homegrown,Forward,Transfer_year_2011,Europe,no_participation,both
Age_21_23,Heights_178_183,matches_37_56,goals_5_36,y_card_2_5,Homegrown,Midfielder,Transfer_year_2011,North_America,no_participation,right
Age_21_23,Heights_178_183,matches_0_20,goals_0_1,y_card_2_5,Homegrown,Midfielder,Transfer_year_2011,Europe,no_participation,right
Age_16_21,Heights_188_206,matches_20_30,goals_0_1,y_card_5_18,Homegrown,Defender,Transfer_year_2011,Europe,no_participation,right
Age_23_25,Heights_178_183,matches_37_56,goals_5_36,y_card_2_5,Homegrown,Forward,Transfer_year_2011,Europe,no_participation,right
Age_16_21,Heights_178_183,matches_0_20,goals_0_1,y_card_0_2,Homegrown,Forward,Transfer_year_2011,Europe,no_participation,right
Age_25_28,Heights_159_178,matches_20_30,goals_1_5,y_card_2_5,not_Homegrown,Defender,Transfer_year_2011,South_America,europa_league,left
Age_28_36,Heights_188_206,matches_30_37,goals_0_1,y_card_0_2,not_Homegrown,Goalkeeper,Transfer_year_2011,Asia,no_participation,right
Age_28_36,Heights_159_178,matches_30_37,goals_1_5,y_card_2_5,not_Homegrown,Forward,Transfer_year_2011,Europe,no_participation,left
Age_25_28,Heights_159_178,matches_20_30,goals_1_5,y_card_0_2,not_Homegrown,Midfielder,Transfer_year_2011,Europe,no_participation,right
Age_23_25,Heights_159_178,matches_30_37,goals_5_36,y_card_0_2,not_Homegrown,Forward,Transfer_year_2011,Europe,no_participation,left
Age_25_28,Heights_188_206,matches_20_30,goals_0_1,y_card_5_18,not_Homegrown,Defender,Transfer_year_2011,Europe,no_participation,right
Age_28_36,Heights_183_188,matches_0_20,goals_1_5,y_card_2_5,Homegrown,Forward,Transfer_year_2011,Europe,europa_league,left
Age_28_36,Heights_178_183,matches_20_30,goals_1_5,y_card_2_5,not_Homegrown,Forward,Transfer_year_2011,Europe,europa_league,right
Age_23_25,Heights_178_183,matches_0_20,goals_0_1,y_card_0_2,Homegrown,Defender,Transfer_year_2011,Europe,no_participation,right
Age_28_36,Heights_159_178,matches_0_20,goals_0_1,y_card_0_2,Homegrown,Forward,Transfer_year_2011,Europe,europa_league,right
Age_28_36,Heights_159_178,matches_30_37,goals_5_36,y_card_0_2,Homegrown,Forward,Transfer_year_2011,Europe,no_participation,right
Age_16_21,Heights_183_188,matches_0_20,goals_0_1,y_card_0_2,Homegrown,Defender,Transfer_year_2011,Africa,europa_league,left
Age_25_28,Heights_183_188,matches_20_30,goals_0_1,y_card_0_2,Homegrown,Defender,Transfer_year_2011,Europe,no_participation,right
Age_28_36,Heights_178_183,matches_20_30,goals_0_1,y_card_0_2,Homegrown,Defender,Transfer_year_2011,Europe,no_participation,right
Age_28_36,Heights_178_183,matches_0_20,goals_0_1,y_card_0_2,Homegrown,Defender,Transfer_year_2011,Europe,no_participation,right
Age_28_36,Heights_188_206,matches_37_56,goals_1_5,y_card_2_5,not_Homegrown,Defender,Transfer_year_2011,Europe,no_participation,left
Age_16_21,Heights_188_206,matches_37_56,goals_0_1,y_card_0_2,not_Homegrown,Goalkeeper,Transfer_year_2011,Europe,europa_league,right
Age_16_21,Heights_183_188,matches_20_30,goals_0_1,y_card_2_5,Homegrown,Defender,Transfer_year_2011,Europe,no_participation,right
Age_23_25,Heights_159_178,matches_30_37,goals_5_36,y_card_5_18,Homegrown,Defender,Transfer_year_2011,Europe,no_participation,both
Age_28_36,Heights_188_206,matches_20_30,goals_0_1,y_card_0_2,Homegrown,Defender,Transfer_year_2011,Europe,champions_league,right
Age_21_23,Heights_183_188,matches_0_20,goals_0_1,y_card_0_2,not_Homegrown,Forward,Transfer_year_2011,Europe,champions_league,right
Age_28_36,Heights_183_188,matches_0_20,goals_0_1,y_card_0_2,Homegrown,Defender,Transfer_year_2011,Europe,champions_league,right
Age_23_25,Heights_178_183,matches_0_20,goals_0_1,y_card_0_2,Homegrown,Midfielder,Transfer_year_2011,Europe,no_participation,right
Age_23_25,Heights_178_183,matches_37_56,goals_5_36,y_card_2_5,Homegrown,Forward,Transfer_year_2011,Europe,no_participation,both
Age_25_28,Heights_183_188,matches_0_20,goals_0_1,y_card_2_5,Homegrown,Defender,Transfer_year_2011,Europe,europa_league,both
Age_16_21,Heights_159_178,matches_0_20,goals_0_1,y_card_0_2,not_Homegrown,Midfielder,Transfer_year_2011,Europe,no_participation,right
Age_28_36,Heights_178_183,matches_0_20,goals_1_5,y_card_0_2,Homegrown,Midfielder,Transfer_year_2011,Europe,no_participation,right
Age_25_28,Heights_159_178,matches_37_56,goals_1_5,y_card_5_18,not_Homegrown,Midfielder,Transfer_year_2011,Europe,europa_league,right
Age_23_25,Heights_183_188,matches_30_37,goals_0_1,y_card_0_2,Homegrown,Goalkeeper,Transfer_year_2011,Europe,no_participation,right
Age_23_25,Heights_188_206,matches_0_20,goals_0_1,y_card_0_2,Homegrown,Forward,Transfer_year_2011,Europe,no_participation,left
Age_25_28,Heights_178_183,matches_0_20,goals_0_1,y_card_0_2,not_Homegrown,Defender,Transfer_year_2011,Europe,no_participation,left
Age_28_36,Heights_188_206,matches_0_20,goals_0_1,y_card_0_2,not_Homegrown,Defender,Transfer_year_2011,Europe,no_participation,right
Age_25_28,Heights_183_188,matches_30_37,goals_5_36,y_card_0_2,not_Homegrown,Midfielder,Transfer_year_2011,North_America,Multiple,left
Age_16_21,Heights_183_188,matches_0_20,goals_0_1,y_card_0_2,not_Homegrown,Midfielder,Transfer_year_2011,Europe,europa_league,left
Age_21_23,Heights_178_183,matches_20_30,goals_0_1,y_card_5_18,not_Homegrown,Midfielder,Transfer_year_2011,Europe,no_participation,right
Age_28_36,Heights_178_183,matches_0_20,goals_0_1,y_card_0_2,Homegrown,Midfielder,Transfer_year_2011,Europe,no_participation,right
Age_25_28,Heights_178_183,matches_0_20,goals_0_1,y_card_2_5,not_Homegrown,Midfielder,Transfer_year_2011,Africa,no_participation,right
Age_28_36,Heights_159_178,matches_20_30,goals_0_1,y_card_2_5,not_Homegrown,Defender,Transfer_year_2011,North_America,no_participation,right
Age_25_28,Heights_178_183,matches_0_20,goals_5_36,y_card_0_2,not_Homegrown,Forward,Transfer_year_2011,Africa,no_participation,right
Age_16_21,Heights_183_188,matches_20_30,goals_0_1,y_card_0_2,not_Homegrown,Defender,Transfer_year_2011,Europe,champions_league,right
Age_23_25,Heights_159_178,matches_37_56,goals_1_5,y_card_5_18,not_Homegrown,Midfielder,Transfer_year_2011,Europe,europa_league,right
Age_25_28,Heights_188_206,matches_20_30,goals_5_36,y_card_0_2,not_Homegrown,Forward,Transfer_year_2011,Africa,no_participation,right
Age_23_25,Heights_188_206,matches_30_37,goals_0_1,y_card_2_5,Homegrown,Goalkeeper,Transfer_year_2011,Europe,no_participation,left
Age_23_25,Heights_183_188,matches_30_37,goals_0_1,y_card_2_5,not_Homegrown,Defender,Transfer_year_2011,Europe,no_participation,left
Age_28_36,Heights_178_183,matches_20_30,goals_5_36,y_card_5_18,Homegrown,Midfielder,Transfer_year_2011,Europe,no_participation,right
Age_21_23,Heights_159_178,matches_37_56,goals_5_36,y_card_2_5,not_Homegrown,Midfielder,Transfer_year_2011,Europe,champions_league,left
Age_16_21,Heights_188_206,matches_37_56,goals_5_36,y_card_2_5,not_Homegrown,Forward,Transfer_year_2011,Europe,europa_league,left
Age_25_28,Heights_178_183,matches_37_56,goals_1_5,y_card_5_18,not_Homegrown,Midfielder,Transfer_year_2011,Europe,europa_league,both
Age_16_21,Heights_188_206,matches_37_56,goals_0_1,y_card_0_2,not_Homegrown,Goalkeeper,Transfer_year_2011,Europe,no_participation,left
Age_25_28,Heights_188_206,matches_0_20,goals_1_5,y_card_0_2,Homegrown,Defender,Transfer_year_2011,Europe,champions_league,right
Age_16_21,Heights_178_183,matches_0_20,goals_0_1,y_card_2_5,not_Homegrown,Midfielder,Transfer_year_2011,Europe,no_participation,right
Age_16_21,Heights_159_178,matches_0_20,goals_0_1,y_card_0_2,not_Homegrown,Midfielder,Transfer_year_2011,North_America,no_participation,left
Age_28_36,Heights_183_188,matches_0_20,goals_0_1,y_card_0_2,not_Homegrown,Defender,Transfer_year_2011,South_America,champions_league,right
Age_21_23,Heights_188_206,matches_20_30,goals_1_5,y_card_5_18,not_Homegrown,Midfielder,Transfer_year_2011,Europe,no_participation,left
Age_21_23,Heights_183_188,matches_0_20,goals_0_1,y_card_0_2,Homegrown,Defender,Transfer_year_2011,Africa,no_participation,right
Age_21_23,Heights_188_206,matches_20_30,goals_0_1,y_card_2_5,not_Homegrown,Defender,Transfer_year_2011,Europe,no_participation,left
Age_16_21,Heights_178_183,matches_0_20,goals_5_36,y_card_2_5,Homegrown,Forward,Transfer_year_2011,Europe,no_participation,right
Age_16_21,Heights_178_183,matches_30_37,goals_5_36,y_card_0_2,Homegrown,Midfielder,Transfer_year_2011,Europe,no_participation,right
Age_28_36,Heights_159_178,matches_20_30,goals_1_5,y_card_0_2,not_Homegrown,Midfielder,Transfer_year_2011,Europe,no_participation,right
Age_23_25,Heights_178_183,matches_37_56,goals_5_36,y_card_2_5,not_Homegrown,Forward,Transfer_year_2011,Africa,europa_league,right
Age_25_28,Heights_188_206,matches_30_37,goals_1_5,y_card_0_2,not_Homegrown,Defender,Transfer_year_2011,Europe,champions_league,right
Age_25_28,Heights_178_183,matches_20_30,goals_1_5,y_card_2_5,not_Homegrown,Defender,Transfer_year_2011,South_America,no_participation,left
Age_25_28,Heights_178_183,matches_30_37,goals_5_36,y_card_2_5,not_Homegrown,Forward,Transfer_year_2011,Asia,no_participation,right
Age_16_21,Heights_183_188,matches_0_20,goals_0_1,y_card_0_2,Homegrown,Defender,Transfer_year_2011,Europe,no_participation,right
Age_23_25,Heights_178_183,matches_20_30,goals_5_36,y_card_2_5,Homegrown,Midfielder,Transfer_year_2011,Europe,champions_league,right
Age_23_25,Heights_159_178,matches_37_56,goals_5_36,y_card_2_5,not_Homegrown,Midfielder,Transfer_year_2011,Europe,champions_league,right
Age_23_25,Heights_159_178,matches_37_56,goals_0_1,y_card_2_5,Homegrown,Defender,Transfer_year_2011,Europe,champions_league,left
Age_25_28,Heights_159_178,matches_0_20,goals_0_1,y_card_5_18,not_Homegrown,Defender,Transfer_year_2011,Africa,champions_league,right
Age_16_21,Heights_188_206,matches_0_20,goals_1_5,y_card_0_2,Homegrown,Midfielder,Transfer_year_2011,Europe,champions_league,left
Age_28_36,Heights_188_206,matches_37_56,goals_5_36,y_card_0_2,Homegrown,Forward,Transfer_year_2011,Europe,champions_league,right
Age_25_28,Heights_178_183,matches_20_30,goals_0_1,y_card_5_18,not_Homegrown,Midfielder,Transfer_year_2011,North_America,champions_league,right
Age_23_25,Heights_183_188,matches_30_37,goals_1_5,y_card_0_2,Homegrown,Forward,Transfer_year_2011,North_America,no_participation,right
Age_16_21,Heights_178_183,matches_20_30,goals_1_5,y_card_0_2,Homegrown,Midfielder,Transfer_year_2011,Europe,no_participation,right
Age_23_25,Heights_183_188,matches_30_37,goals_0_1,y_card_2_5,Homegrown,Defender,Transfer_year_2011,Europe,no_participation,left
Age_25_28,Heights_183_188,matches_20_30,goals_1_5,y_card_2_5,not_Homegrown,Defender,Transfer_year_2011,Europe,champions_league,right
Age_28_36,Heights_183_188,matches_0_20,goals_0_1,y_card_0_2,Homegrown,Goalkeeper,Transfer_year_2011,Europe,europa_league,right
Age_25_28,Heights_178_183,matches_37_56,goals_5_36,y_card_0_2,Homegrown,Midfielder,Transfer_year_2011,Europe,no_participation,left
Age_21_23,Heights_188_206,matches_30_37,goals_1_5,y_card_0_2,not_Homegrown,Forward,Transfer_year_2011,Europe,europa_league,right
Age_16_21,Heights_178_183,matches_20_30,goals_5_36,y_card_2_5,Homegrown,Forward,Transfer_year_2011,Europe,no_participation,right
Age_23_25,Heights_183_188,matches_20_30,goals_0_1,y_card_0_2,not_Homegrown,Defender,Transfer_year_2011,North_America,no_participation,left
Age_25_28,Heights_178_183,matches_37_56,goals_0_1,y_card_5_18,Homegrown,Defender,Transfer_year_2011,Europe,no_participation,right
Age_23_25,Heights_178_183,matches_37_56,goals_5_36,y_card_2_5,Homegrown,Forward,Transfer_year_2011,Europe,no_participation,right
Age_28_36,Heights_159_178,matches_30_37,goals_1_5,y_card_2_5,Homegrown,Midfielder,Transfer_year_2011,Europe,no_participation,left
Age_16_21,Heights_178_183,matches_0_20,goals_1_5,y_card_0_2,Homegrown,Forward,Transfer_year_2011,Europe,no_participation,left
Age_16_21,Heights_188_206,matches_30_37,goals_5_36,y_card_5_18,Homegrown,Forward,Transfer_year_2011,Europe,no_participation,right
Age_23_25,Heights_159_178,matches_20_30,goals_5_36,y_card_5_18,Homegrown,Midfielder,Transfer_year_2011,Europe,no_participation,right
Age_16_21,Heights_178_183,matches_30_37,goals_1_5,y_card_0_2,Homegrown,Midfielder,Transfer_year_2011,Europe,no_participation,right
Age_21_23,Heights_159_178,matches_30_37,goals_5_36,y_card_5_18,not_Homegrown,Forward,Transfer_year_2011,South_America,europa_league,right
Age_16_21,Heights_183_188,matches_20_30,goals_0_1,y_card_0_2,not_Homegrown,Defender,Transfer_year_2011,Europe,champions_league,right
Age_21_23,Heights_188_206,matches_20_30,goals_0_1,y_card_0_2,not_Homegrown,Defender,Transfer_year_2011,Europe,europa_league,right
Age_21_23,Heights_178_183,matches_20_30,goals_5_36,y_card_5_18,not_Homegrown,Forward,Transfer_year_2011,South_America,no_participation,left
Age_23_25,Heights_188_206,matches_0_20,goals_1_5,y_card_2_5,Homegrown,Defender,Transfer_year_2011,Europe,no_participation,right
Age_21_23,Heights_159_178,matches_37_56,goals_5_36,y_card_2_5,not_Homegrown,Forward,Transfer_year_2011,Europe,no_participation,right
Age_21_23,Heights_188_206,matches_20_30,goals_5_36,y_card_2_5,not_Homegrown,Defender,Transfer_year_2011,Europe,champions_league,right
Age_23_25,Heights_178_183,matches_20_30,goals_1_5,y_card_2_5,not_Homegrown,Forward,Transfer_year_2011,Europe,europa_league,left
Age_21_23,Heights_183_188,matches_0_20,goals_1_5,y_card_0_2,not_Homegrown,Forward,Transfer_year_2011,Europe,no_participation,both
Age_28_36,Heights_183_188,matches_0_20,goals_0_1,y_card_0_2,Homegrown,Forward,Transfer_year_2011,North_America,no_participation,right
Age_21_23,Heights_183_188,matches_0_20,goals_0_1,y_card_0_2,Homegrown,Goalkeeper,Transfer_year_2011,Europe,no_participation,right
Age_28_36,Heights_178_183,matches_30_37,goals_1_5,y_card_5_18,Homegrown,Midfielder,Transfer_year_2011,Europe,no_participation,right
Age_21_23,Heights_159_178,matches_0_20,goals_0_1,y_card_0_2,not_Homegrown,Forward,Transfer_year_2011,Europe,europa_league,left
Age_28_36,Heights_159_178,matches_0_20,goals_1_5,y_card_0_2,Homegrown,Forward,Transfer_year_2011,Europe,champions_league,right
Age_23_25,Heights_183_188,matches_30_37,goals_5_36,y_card_5_18,not_Homegrown,Midfielder,Transfer_year_2011,Europe,no_participation,left
Age_28_36,Heights_159_178,matches_30_37,goals_0_1,y_card_5_18,Homegrown,Defender,Transfer_year_2011,Europe,europa_league,left
Age_21_23,Heights_178_183,matches_0_20,goals_0_1,y_card_0_2,not_Homegrown,Defender,Transfer_year_2011,South_America,no_participation,left
Age_28_36,Heights_178_183,matches_0_20,goals_0_1,y_card_0_2,not_Homegrown,Forward,Transfer_year_2011,Europe,europa_league,left
Age_16_21,Heights_159_178,matches_37_56,goals_5_36,y_card_2_5,not_Homegrown,Forward,Transfer_year_2012,Europe,champions_league,right
Age_16_21,Heights_159_178,matches_37_56,goals_5_36,y_card_2_5,Homegrown,Forward,Transfer_year_2012,Africa,no_participation,right
Age_21_23,Heights_159_178,matches_37_56,goals_0_1,y_card_2_5,not_Homegrown,Defender,Transfer_year_2012,Europe,champions_league,right
Age_25_28,Heights_188_206,matches_20_30,goals_5_36,y_card_0_2,not_Homegrown,Forward,Transfer_year_2012,Africa,europa_league,right
Age_21_23,Heights_159_178,matches_20_30,goals_0_1,y_card_0_2,not_Homegrown,Midfielder,Transfer_year_2012,Europe,no_participation,right
Age_16_21,Heights_159_178,matches_0_20,goals_0_1,y_card_0_2,not_Homegrown,Forward,Transfer_year_2012,Europe,no_participation,right
Age_21_23,Heights_183_188,matches_0_20,goals_0_1,y_card_0_2,Homegrown,Forward,Transfer_year_2012,Europe,champions_league,left
Age_28_36,Heights_178_183,matches_37_56,goals_1_5,y_card_5_18,not_Homegrown,Midfielder,Transfer_year_2012,Europe,champions_league,both
Age_25_28,Heights_159_178,matches_37_56,goals_1_5,y_card_2_5,not_Homegrown,Forward,Transfer_year_2012,Europe,Multiple,right
Age_21_23,Heights_188_206,matches_30_37,goals_5_36,y_card_2_5,not_Homegrown,Midfielder,Transfer_year_2012,Asia,europa_league,right
Age_25_28,Heights_183_188,matches_30_37,goals_5_36,y_card_5_18,not_Homegrown,Forward,Transfer_year_2012,Europe,no_participation,left
Age_23_25,Heights_183_188,matches_30_37,goals_0_1,y_card_5_18,not_Homegrown,Defender,Transfer_year_2012,Europe,no_participation,right
Age_16_21,Heights_188_206,matches_0_20,goals_0_1,y_card_2_5,Homegrown,Defender,Transfer_year_2012,Europe,no_participation,right
Age_21_23,Heights_159_178,matches_30_37,goals_1_5,y_card_2_5,Homegrown,Midfielder,Transfer_year_2012,Europe,no_participation,right
Age_21_23,Heights_159_178,matches_37_56,goals_5_36,y_card_0_2,Homegrown,Forward,Transfer_year_2012,Europe,no_participation,right
Age_25_28,Heights_178_183,matches_0_20,goals_1_5,y_card_0_2,Homegrown,Forward,Transfer_year_2012,Europe,no_participation,right
Age_28_36,Heights_178_183,matches_37_56,goals_5_36,y_card_5_18,not_Homegrown,Forward,Transfer_year_2012,Europe,champions_league,left
Age_21_23,Heights_159_178,matches_30_37,goals_5_36,y_card_0_2,not_Homegrown,Midfielder,Transfer_year_2012,Asia,champions_league,right
Age_16_21,Heights_178_183,matches_37_56,goals_5_36,y_card_0_2,Homegrown,Midfielder,Transfer_year_2012,Europe,no_participation,both
Age_21_23,Heights_159_178,matches_30_37,goals_1_5,y_card_0_2,not_Homegrown,Defender,Transfer_year_2012,Europe,no_participation,left
Age_28_36,Heights_159_178,matches_20_30,goals_1_5,y_card_0_2,not_Homegrown,Midfielder,Transfer_year_2012,Asia,Multiple,both
Age_21_23,Heights_183_188,matches_0_20,goals_0_1,y_card_0_2,not_Homegrown,Defender,Transfer_year_2012,Europe,no_participation,right
Age_28_36,Heights_188_206,matches_30_37,goals_0_1,y_card_0_2,Homegrown,Goalkeeper,Transfer_year_2012,Europe,no_participation,left
Age_23_25,Heights_178_183,matches_0_20,goals_0_1,y_card_0_2,Homegrown,Forward,Transfer_year_2012,Europe,no_participation,left
Age_16_21,Heights_188_206,matches_0_20,goals_5_36,y_card_0_2,Homegrown,Forward,Transfer_year_2012,Oceania,no_participation,right
Age_25_28,Heights_178_183,matches_20_30,goals_1_5,y_card_5_18,not_Homegrown,Forward,Transfer_year_2012,Asia,no_participation,right
Age_25_28,Heights_159_178,matches_20_30,goals_1_5,y_card_2_5,Homegrown,Defender,Transfer_year_2012,Europe,no_participation,left
Age_23_25,Heights_183_188,matches_37_56,goals_1_5,y_card_5_18,not_Homegrown,Midfielder,Transfer_year_2012,Europe,europa_league,left
Age_28_36,Heights_183_188,matches_37_56,goals_5_36,y_card_2_5,not_Homegrown,Forward,Transfer_year_2012,North_America,europa_league,right
Age_28_36,Heights_188_206,matches_20_30,goals_0_1,y_card_5_18,Homegrown,Midfielder,Transfer_year_2012,Africa,europa_league,right
Age_28_36,Heights_183_188,matches_0_20,goals_0_1,y_card_0_2,Homegrown,Defender,Transfer_year_2012,Europe,no_participation,right
Age_23_25,Heights_178_183,matches_0_20,goals_0_1,y_card_0_2,not_Homegrown,Midfielder,Transfer_year_2012,Europe,europa_league,right
Age_21_23,Heights_159_178,matches_37_56,goals_1_5,y_card_2_5,not_Homegrown,Midfielder,Transfer_year_2012,North_America,Multiple,right
Age_21_23,Heights_183_188,matches_20_30,goals_0_1,y_card_2_5,not_Homegrown,Defender,Transfer_year_2012,Europe,champions_league,right
Age_25_28,Heights_159_178,matches_0_20,goals_0_1,y_card_2_5,not_Homegrown,Defender,Transfer_year_2012,Europe,champions_league,right
Age_16_21,Heights_178_183,matches_0_20,goals_0_1,y_card_2_5,not_Homegrown,Defender,Transfer_year_2012,Africa,europa_league,left
Age_21_23,Heights_183_188,matches_0_20,goals_0_1,y_card_0_2,not_Homegrown,Midfielder,Transfer_year_2012,Europe,europa_league,right
Age_25_28,Heights_159_178,matches_20_30,goals_5_36,y_card_0_2,not_Homegrown,Forward,Transfer_year_2012,Europe,europa_league,right
Age_16_21,Heights_159_178,matches_20_30,goals_0_1,y_card_0_2,Homegrown,Midfielder,Transfer_year_2012,Africa,no_participation,right
Age_16_21,Heights_188_206,matches_20_30,goals_0_1,y_card_2_5,not_Homegrown,Defender,Transfer_year_2012,Oceania,no_participation,left
Age_23_25,Heights_183_188,matches_0_20,goals_1_5,y_card_0_2,Homegrown,Forward,Transfer_year_2012,Europe,no_participation,right
Age_23_25,Heights_188_206,matches_37_56,goals_0_1,y_card_0_2,Homegrown,Goalkeeper,Transfer_year_2012,Europe,europa_league,right
Age_25_28,Heights_159_178,matches_37_56,goals_5_36,y_card_0_2,not_Homegrown,Midfielder,Transfer_year_2012,Europe,no_participation,both
Age_25_28,Heights_178_183,matches_20_30,goals_5_36,y_card_2_5,not_Homegrown,Forward,Transfer_year_2012,Europe,no_participation,left
Age_23_25,Heights_188_206,matches_30_37,goals_5_36,y_card_5_18,not_Homegrown,Forward,Transfer_year_2012,Europe,no_participation,left
Age_25_28,Heights_178_183,matches_0_20,goals_0_1,y_card_2_5,not_Homegrown,Defender,Transfer_year_2012,Europe,champions_league,left
Age_23_25,Heights_183_188,matches_37_56,goals_0_1,y_card_5_18,Homegrown,Midfielder,Transfer_year_2012,Africa,champions_league,right
Age_21_23,Heights_159_178,matches_30_37,goals_5_36,y_card_0_2,not_Homegrown,Forward,Transfer_year_2012,North_America,no_participation,left
Age_16_21,Heights_178_183,matches_20_30,goals_0_1,y_card_2_5,Homegrown,Midfielder,Transfer_year_2012,Europe,no_participation,right
Age_16_21,Heights_188_206,matches_30_37,goals_5_36,y_card_0_2,not_Homegrown,Forward,Transfer_year_2012,Europe,no_participation,right
Age_25_28,Heights_188_206,matches_30_37,goals_0_1,y_card_2_5,not_Homegrown,Defender,Transfer_year_2012,Europe,no_participation,right
Age_21_23,Heights_178_183,matches_37_56,goals_5_36,y_card_2_5,Homegrown,Defender,Transfer_year_2012,Europe,no_participation,right
Age_21_23,Heights_159_178,matches_37_56,goals_0_1,y_card_5_18,Homegrown,Defender,Transfer_year_2012,Europe,no_participation,left
Age_25_28,Heights_178_183,matches_30_37,goals_1_5,y_card_5_18,not_Homegrown,Midfielder,Transfer_year_2012,Africa,no_participation,right
Age_21_23,Heights_183_188,matches_20_30,goals_0_1,y_card_5_18,not_Homegrown,Midfielder,Transfer_year_2012,Africa,no_participation,right
Age_16_21,Heights_183_188,matches_37_56,goals_5_36,y_card_0_2,Homegrown,Forward,Transfer_year_2012,Europe,no_participation,right
Age_25_28,Heights_183_188,matches_30_37,goals_0_1,y_card_5_18,Homegrown,Defender,Transfer_year_2012,Europe,no_participation,right
Age_23_25,Heights_183_188,matches_20_30,goals_5_36,y_card_0_2,not_Homegrown,Forward,Transfer_year_2012,Africa,no_participation,left
Age_28_36,Heights_188_206,matches_37_56,goals_1_5,y_card_5_18,not_Homegrown,Midfielder,Transfer_year_2012,Europe,champions_league,right
Age_23_25,Heights_183_188,matches_20_30,goals_0_1,y_card_0_2,Homegrown,Goalkeeper,Transfer_year_2012,Europe,no_participation,right
Age_23_25,Heights_178_183,matches_37_56,goals_5_36,y_card_2_5,Homegrown,Forward,Transfer_year_2012,Europe,no_participation,right
Age_21_23,Heights_159_178,matches_20_30,goals_5_36,y_card_0_2,Homegrown,Forward,Transfer_year_2012,Europe,no_participation,right
Age_23_25,Heights_183_188,matches_30_37,goals_5_36,y_card_0_2,not_Homegrown,Forward,Transfer_year_2012,Europe,no_participation,left
Age_23_25,Heights_178_183,matches_30_37,goals_5_36,y_card_0_2,Homegrown,Forward,Transfer_year_2012,Europe,Multiple,left
Age_21_23,Heights_188_206,matches_0_20,goals_0_1,y_card_2_5,not_Homegrown,Midfielder,Transfer_year_2012,Africa,no_participation,right
Age_25_28,Heights_178_183,matches_0_20,goals_0_1,y_card_0_2,not_Homegrown,Forward,Transfer_year_2012,Africa,no_participation,right
Age_25_28,Heights_188_206,matches_20_30,goals_0_1,y_card_2_5,Homegrown,Defender,Transfer_year_2012,Europe,no_participation,right
Age_21_23,Heights_188_206,matches_0_20,goals_0_1,y_card_0_2,not_Homegrown,Midfielder,Transfer_year_2012,Europe,no_participation,right
Age_23_25,Heights_159_178,matches_0_20,goals_0_1,y_card_0_2,Homegrown,Forward,Transfer_year_2012,Europe,no_participation,right
Age_28_36,Heights_178_183,matches_30_37,goals_1_5,y_card_2_5,not_Homegrown,Midfielder,Transfer_year_2012,South_America,no_participation,right
Age_23_25,Heights_183_188,matches_20_30,goals_1_5,y_card_5_18,not_Homegrown,Midfielder,Transfer_year_2012,Europe,champions_league,right
Age_16_21,Heights_183_188,matches_20_30,goals_1_5,y_card_5_18,not_Homegrown,Defender,Transfer_year_2012,Europe,no_participation,left
Age_16_21,Heights_183_188,matches_0_20,goals_1_5,y_card_0_2,Homegrown,Defender,Transfer_year_2012,Europe,no_participation,right
Age_28_36,Heights_183_188,matches_20_30,goals_1_5,y_card_5_18,not_Homegrown,Defender,Transfer_year_2012,South_America,champions_league,right
Age_21_23,Heights_188_206,matches_0_20,goals_1_5,y_card_2_5,not_Homegrown,Forward,Transfer_year_2012,Europe,champions_league,right
Age_25_28,Heights_188_206,matches_30_37,goals_5_36,y_card_2_5,not_Homegrown,Forward,Transfer_year_2012,Africa,no_participation,right
Age_25_28,Heights_159_178,matches_20_30,goals_0_1,y_card_5_18,not_Homegrown,Midfielder,Transfer_year_2012,Europe,Multiple,right
Age_16_21,Heights_178_183,matches_30_37,goals_5_36,y_card_5_18,not_Homegrown,Midfielder,Transfer_year_2012,South_America,no_participation,left
Age_21_23,Heights_183_188,matches_30_37,goals_5_36,y_card_2_5,Homegrown,Forward,Transfer_year_2012,Europe,no_participation,right
Age_16_21,Heights_159_178,matches_20_30,goals_5_36,y_card_2_5,not_Homegrown,Forward,Transfer_year_2012,Africa,no_participation,right
Age_23_25,Heights_183_188,matches_20_30,goals_0_1,y_card_0_2,not_Homegrown,Defender,Transfer_year_2012,Europe,europa_league,left
Age_16_21,Heights_159_178,matches_20_30,goals_0_1,y_card_0_2,Homegrown,Defender,Transfer_year_2012,Europe,no_participation,right
Age_23_25,Heights_188_206,matches_30_37,goals_1_5,y_card_2_5,not_Homegrown,Defender,Transfer_year_2012,Asia,no_participation,right
Age_25_28,Heights_159_178,matches_30_37,goals_1_5,y_card_2_5,Homegrown,Midfielder,Transfer_year_2012,Europe,no_participation,right
Age_23_25,Heights_183_188,matches_37_56,goals_0_1,y_card_0_2,not_Homegrown,Goalkeeper,Transfer_year_2012,Europe,champions_league,left
Age_23_25,Heights_188_206,matches_37_56,goals_5_36,y_card_5_18,not_Homegrown,Defender,Transfer_year_2012,Europe,Multiple,left
Age_21_23,Heights_183_188,matches_20_30,goals_5_36,y_card_0_2,not_Homegrown,Midfielder,Transfer_year_2012,Europe,no_participation,right
Age_21_23,Heights_159_178,matches_20_30,goals_1_5,y_card_2_5,not_Homegrown,Midfielder,Transfer_year_2012,Europe,champions_league,left
Age_25_28,Heights_159_178,matches_37_56,goals_1_5,y_card_0_2,not_Homegrown,Midfielder,Transfer_year_2012,Europe,europa_league,right
Age_25_28,Heights_183_188,matches_0_20,goals_0_1,y_card_0_2,not_Homegrown,Midfielder,Transfer_year_2012,Europe,europa_league,both
Age_25_28,Heights_188_206,matches_0_20,goals_0_1,y_card_0_2,not_Homegrown,Defender,Transfer_year_2012,Europe,Multiple,right
Age_25_28,Heights_183_188,matches_0_20,goals_0_1,y_card_0_2,not_Homegrown,Defender,Transfer_year_2012,Africa,europa_league,left
Age_21_23,Heights_159_178,matches_0_20,goals_0_1,y_card_0_2,not_Homegrown,Forward,Transfer_year_2012,North_America,europa_league,left
Age_16_21,Heights_178_183,matches_20_30,goals_5_36,y_card_2_5,Homegrown,Forward,Transfer_year_2012,Europe,no_participation,right
Age_16_21,Heights_159_178,matches_0_20,goals_1_5,y_card_0_2,not_Homegrown,Midfielder,Transfer_year_2012,South_America,europa_league,right
Age_23_25,Heights_159_178,matches_20_30,goals_5_36,y_card_0_2,not_Homegrown,Forward,Transfer_year_2012,Africa,no_participation,right
Age_16_21,Heights_178_183,matches_0_20,goals_0_1,y_card_0_2,not_Homegrown,Forward,Transfer_year_2012,Europe,no_participation,right
Age_25_28,Heights_183_188,matches_20_30,goals_1_5,y_card_5_18,not_Homegrown,Midfielder,Transfer_year_2012,Europe,no_participation,left
Age_25_28,Heights_183_188,matches_20_30,goals_0_1,y_card_2_5,not_Homegrown,Midfielder,Transfer_year_2012,Europe,champions_league,right
Age_28_36,Heights_183_188,matches_30_37,goals_1_5,y_card_2_5,not_Homegrown,Forward,Transfer_year_2012,Europe,no_participation,right
Age_23_25,Heights_178_183,matches_30_37,goals_5_36,y_card_5_18,not_Homegrown,Forward,Transfer_year_2012,Europe,Multiple,right
Age_21_23,Heights_159_178,matches_20_30,goals_0_1,y_card_2_5,not_Homegrown,Defender,Transfer_year_2012,North_America,europa_league,left
Age_16_21,Heights_159_178,matches_0_20,goals_0_1,y_card_0_2,not_Homegrown,Forward,Transfer_year_2012,Europe,no_participation,right
Age_28_36,Heights_183_188,matches_30_37,goals_0_1,y_card_0_2,not_Homegrown,Defender,Transfer_year_2012,Africa,no_participation,right
Age_28_36,Heights_159_178,matches_30_37,goals_1_5,y_card_2_5,Homegrown,Midfielder,Transfer_year_2012,Oceania,no_participation,right
Age_23_25,Heights_178_183,matches_37_56,goals_5_36,y_card_5_18,not_Homegrown,Forward,Transfer_year_2012,Europe,no_participation,left
Age_25_28,Heights_178_183,matches_20_30,goals_0_1,y_card_5_18,not_Homegrown,Midfielder,Transfer_year_2012,Europe,europa_league,right
Age_25_28,Heights_178_183,matches_0_20,goals_0_1,y_card_0_2,Homegrown,Goalkeeper,Transfer_year_2012,Europe,no_participation,right
Age_28_36,Heights_183_188,matches_20_30,goals_5_36,y_card_2_5,not_Homegrown,Forward,Transfer_year_2012,South_America,no_participation,left
Age_25_28,Heights_159_178,matches_20_30,goals_0_1,y_card_2_5,Homegrown,Midfielder,Transfer_year_2012,Europe,no_participation,right
Age_21_23,Heights_188_206,matches_30_37,goals_1_5,y_card_5_18,not_Homegrown,Midfielder,Transfer_year_2012,Europe,no_participation,right
Age_25_28,Heights_159_178,matches_20_30,goals_5_36,y_card_2_5,Homegrown,Forward,Transfer_year_2012,Europe,no_participation,right
Age_21_23,Heights_188_206,matches_20_30,goals_1_5,y_card_0_2,not_Homegrown,Midfielder,Transfer_year_2012,North_America,no_participation,left
Age_25_28,Heights_188_206,matches_0_20,goals_0_1,y_card_0_2,not_Homegrown,Defender,Transfer_year_2012,North_America,no_participation,right
Age_25_28,Heights_178_183,matches_30_37,goals_1_5,y_card_5_18,not_Homegrown,Midfielder,Transfer_year_2012,North_America,no_participation,right
Age_28_36,Heights_183_188,matches_0_20,goals_0_1,y_card_0_2,Homegrown,Defender,Transfer_year_2012,Europe,europa_league,left
Age_25_28,Heights_188_206,matches_30_37,goals_1_5,y_card_5_18,not_Homegrown,Defender,Transfer_year_2012,Europe,no_participation,right
Age_25_28,Heights_178_183,matches_30_37,goals_5_36,y_card_2_5,not_Homegrown,Forward,Transfer_year_2012,Africa,no_participation,right
Age_16_21,Heights_159_178,matches_20_30,goals_0_1,y_card_2_5,not_Homegrown,Midfielder,Transfer_year_2012,Europe,no_participation,right
Age_23_25,Heights_183_188,matches_20_30,goals_0_1,y_card_0_2,not_Homegrown,Forward,Transfer_year_2012,Europe,no_participation,right
Age_25_28,Heights_183_188,matches_0_20,goals_1_5,y_card_0_2,not_Homegrown,Forward,Transfer_year_2012,Europe,europa_league,right
Age_23_25,Heights_178_183,matches_20_30,goals_0_1,y_card_2_5,not_Homegrown,Midfielder,Transfer_year_2012,Europe,champions_league,right
Age_25_28,Heights_188_206,matches_0_20,goals_1_5,y_card_5_18,not_Homegrown,Midfielder,Transfer_year_2012,Africa,champions_league,right
Age_21_23,Heights_183_188,matches_20_30,goals_0_1,y_card_5_18,not_Homegrown,Midfielder,Transfer_year_2012,Africa,no_participation,right
Age_21_23,Heights_159_178,matches_30_37,goals_5_36,y_card_2_5,Homegrown,Forward,Transfer_year_2012,North_America,no_participation,right
Age_23_25,Heights_183_188,matches_0_20,goals_0_1,y_card_0_2,Homegrown,Defender,Transfer_year_2012,Europe,no_participation,right
Age_28_36,Heights_183_188,matches_30_37,goals_0_1,y_card_0_2,Homegrown,Goalkeeper,Transfer_year_2012,Europe,no_participation,right
Age_28_36,Heights_159_178,matches_0_20,goals_1_5,y_card_0_2,Homegrown,Forward,Transfer_year_2012,Europe,no_participation,right
Age_23_25,Heights_159_178,matches_0_20,goals_0_1,y_card_0_2,not_Homegrown,Midfielder,Transfer_year_2013,Europe,champions_league,left
Age_23_25,Heights_188_206,matches_30_37,goals_5_36,y_card_5_18,not_Homegrown,Midfielder,Transfer_year_2013,Europe,no_participation,right
Age_25_28,Heights_178_183,matches_30_37,goals_1_5,y_card_5_18,not_Homegrown,Midfielder,Transfer_year_2013,South_America,champions_league,right
Age_21_23,Heights_178_183,matches_30_37,goals_5_36,y_card_2_5,not_Homegrown,Forward,Transfer_year_2013,Europe,no_participation,right
Age_25_28,Heights_183_188,matches_30_37,goals_5_36,y_card_2_5,not_Homegrown,Forward,Transfer_year_2013,Europe,no_participation,left
Age_25_28,Heights_159_178,matches_30_37,goals_0_1,y_card_2_5,not_Homegrown,Defender,Transfer_year_2013,Europe,no_participation,right
Age_28_36,Heights_183_188,matches_37_56,goals_1_5,y_card_5_18,not_Homegrown,Defender,Transfer_year_2013,South_America,champions_league,right
Age_28_36,Heights_159_178,matches_37_56,goals_5_36,y_card_2_5,not_Homegrown,Forward,Transfer_year_2013,South_America,champions_league,right
Age_23_25,Heights_159_178,matches_20_30,goals_5_36,y_card_2_5,not_Homegrown,Forward,Transfer_year_2013,South_America,Multiple,right
Age_23_25,Heights_188_206,matches_0_20,goals_1_5,y_card_5_18,not_Homegrown,Midfielder,Transfer_year_2013,Europe,champions_league,left
Age_16_21,Heights_159_178,matches_20_30,goals_5_36,y_card_0_2,not_Homegrown,Forward,Transfer_year_2013,Africa,champions_league,left
Age_16_21,Heights_183_188,matches_30_37,goals_5_36,y_card_2_5,not_Homegrown,Midfielder,Transfer_year_2013,Europe,no_participation,right
Age_16_21,Heights_159_178,matches_20_30,goals_0_1,y_card_0_2,not_Homegrown,Forward,Transfer_year_2013,Africa,champions_league,left
Age_16_21,Heights_188_206,matches_0_20,goals_5_36,y_card_5_18,not_Homegrown,Forward,Transfer_year_2013,Europe,no_participation,right
Age_21_23,Heights_178_183,matches_0_20,goals_0_1,y_card_0_2,not_Homegrown,Midfielder,Transfer_year_2013,Europe,champions_league,right
Age_16_21,Heights_188_206,matches_0_20,goals_0_1,y_card_0_2,Homegrown,Defender,Transfer_year_2013,Europe,no_participation,right
Age_28_36,Heights_159_178,matches_0_20,goals_0_1,y_card_0_2,not_Homegrown,Midfielder,Transfer_year_2013,Africa,champions_league,right
Age_23_25,Heights_178_183,matches_37_56,goals_5_36,y_card_5_18,not_Homegrown,Midfielder,Transfer_year_2013,Europe,champions_league,left
Age_25_28,Heights_178_183,matches_20_30,goals_5_36,y_card_0_2,not_Homegrown,Forward,Transfer_year_2013,Africa,champions_league,right
Age_23_25,Heights_183_188,matches_0_20,goals_0_1,y_card_0_2,Homegrown,Goalkeeper,Transfer_year_2013,Europe,champions_league,right
Age_28_36,Heights_183_188,matches_0_20,goals_0_1,y_card_0_2,not_Homegrown,Forward,Transfer_year_2013,Africa,champions_league,right
Age_25_28,Heights_178_183,matches_37_56,goals_5_36,y_card_5_18,not_Homegrown,Forward,Transfer_year_2013,Europe,champions_league,right
Age_16_21,Heights_183_188,matches_30_37,goals_5_36,y_card_5_18,not_Homegrown,Forward,Transfer_year_2013,South_America,no_participation,left
Age_16_21,Heights_178_183,matches_37_56,goals_5_36,y_card_0_2,not_Homegrown,Midfielder,Transfer_year_2013,Europe,Multiple,right
Age_23_25,Heights_188_206,matches_30_37,goals_5_36,y_card_5_18,not_Homegrown,Midfielder,Transfer_year_2013,Europe,no_participation,right
Age_21_23,Heights_183_188,matches_30_37,goals_1_5,y_card_5_18,not_Homegrown,Defender,Transfer_year_2013,Europe,europa_league,right
Age_21_23,Heights_183_188,matches_20_30,goals_5_36,y_card_0_2,not_Homegrown,Forward,Transfer_year_2013,Europe,europa_league,right
Age_23_25,Heights_183_188,matches_37_56,goals_5_36,y_card_5_18,Homegrown,Forward,Transfer_year_2013,Europe,europa_league,left
Age_16_21,Heights_188_206,matches_20_30,goals_1_5,y_card_0_2,Homegrown,Defender,Transfer_year_2013,Africa,europa_league,right
Age_28_36,Heights_183_188,matches_37_56,goals_5_36,y_card_2_5,not_Homegrown,Forward,Transfer_year_2013,North_America,europa_league,right
Age_25_28,Heights_183_188,matches_20_30,goals_0_1,y_card_2_5,Homegrown,Midfielder,Transfer_year_2013,Europe,europa_league,right
Age_28_36,Heights_178_183,matches_20_30,goals_0_1,y_card_0_2,Homegrown,Midfielder,Transfer_year_2013,Europe,europa_league,right
Age_21_23,Heights_178_183,matches_37_56,goals_1_5,y_card_5_18,Homegrown,Midfielder,Transfer_year_2013,Europe,no_participation,right
Age_28_36,Heights_178_183,matches_30_37,goals_5_36,y_card_0_2,not_Homegrown,Forward,Transfer_year_2013,Africa,no_participation,right
Age_21_23,Heights_188_206,matches_0_20,goals_0_1,y_card_0_2,not_Homegrown,Goalkeeper,Transfer_year_2013,Europe,no_participation,right
Age_25_28,Heights_178_183,matches_0_20,goals_0_1,y_card_0_2,not_Homegrown,Forward,Transfer_year_2013,Europe,no_participation,both
Age_25_28,Heights_183_188,matches_0_20,goals_0_1,y_card_0_2,not_Homegrown,Forward,Transfer_year_2013,Europe,no_participation,both
Age_23_25,Heights_188_206,matches_20_30,goals_5_36,y_card_0_2,Homegrown,Forward,Transfer_year_2013,Africa,no_participation,right
Age_21_23,Heights_183_188,matches_20_30,goals_0_1,y_card_2_5,not_Homegrown,Defender,Transfer_year_2013,Europe,champions_league,left
Age_23_25,Heights_159_178,matches_30_37,goals_5_36,y_card_2_5,not_Homegrown,Forward,Transfer_year_2013,Europe,no_participation,left
Age_23_25,Heights_188_206,matches_37_56,goals_0_1,y_card_0_2,not_Homegrown,Goalkeeper,Transfer_year_2013,Europe,no_participation,right
Age_16_21,Heights_178_183,matches_37_56,goals_5_36,y_card_2_5,not_Homegrown,Midfielder,Transfer_year_2013,Europe,no_participation,right
Age_16_21,Heights_188_206,matches_0_20,goals_0_1,y_card_0_2,not_Homegrown,Defender,Transfer_year_2013,Europe,europa_league,right
Age_23_25,Heights_188_206,matches_20_30,goals_5_36,y_card_5_18,Homegrown,Forward,Transfer_year_2013,Europe,no_participation,left
Age_16_21,Heights_183_188,matches_20_30,goals_1_5,y_card_2_5,Homegrown,Midfielder,Transfer_year_2013,Europe,europa_league,right
Age_28_36,Heights_178_183,matches_30_37,goals_1_5,y_card_0_2,Homegrown,Midfielder,Transfer_year_2013,Europe,europa_league,left
Age_23_25,Heights_159_178,matches_30_37,goals_1_5,y_card_5_18,Homegrown,Midfielder,Transfer_year_2013,Europe,no_participation,right
Age_28_36,Heights_159_178,matches_30_37,goals_5_36,y_card_0_2,not_Homegrown,Midfielder,Transfer_year_2013,Africa,no_participation,right
Age_25_28,Heights_178_183,matches_0_20,goals_1_5,y_card_0_2,Homegrown,Forward,Transfer_year_2013,Europe,no_participation,both
Age_28_36,Heights_178_183,matches_20_30,goals_1_5,y_card_0_2,not_Homegrown,Forward,Transfer_year_2013,Africa,no_participation,right
Age_23_25,Heights_178_183,matches_20_30,goals_5_36,y_card_2_5,not_Homegrown,Forward,Transfer_year_2013,Africa,no_participation,right
Age_16_21,Heights_183_188,matches_20_30,goals_0_1,y_card_5_18,not_Homegrown,Defender,Transfer_year_2013,Asia,no_participation,right
Age_16_21,Heights_159_178,matches_0_20,goals_0_1,y_card_0_2,not_Homegrown,Midfielder,Transfer_year_2013,Europe,no_participation,both
Age_16_21,Heights_159_178,matches_0_20,goals_0_1,y_card_0_2,Homegrown,Forward,Transfer_year_2013,Europe,no_participation,left
Age_23_25,Heights_183_188,matches_30_37,goals_5_36,y_card_2_5,not_Homegrown,Forward,Transfer_year_2013,Europe,europa_league,right
Age_23_25,Heights_159_178,matches_37_56,goals_5_36,y_card_0_2,Homegrown,Forward,Transfer_year_2013,Europe,champions_league,right
Age_21_23,Heights_183_188,matches_20_30,goals_1_5,y_card_2_5,not_Homegrown,Midfielder,Transfer_year_2013,Europe,europa_league,right
Age_23_25,Heights_159_178,matches_20_30,goals_0_1,y_card_2_5,Homegrown,Defender,Transfer_year_2013,Europe,no_participation,left
Age_16_21,Heights_159_178,matches_37_56,goals_1_5,y_card_0_2,Homegrown,Forward,Transfer_year_2013,Europe,no_participation,right
Age_25_28,Heights_178_183,matches_30_37,goals_0_1,y_card_2_5,not_Homegrown,Defender,Transfer_year_2013,Europe,no_participation,left
Age_28_36,Heights_178_183,matches_30_37,goals_5_36,y_card_5_18,Homegrown,Forward,Transfer_year_2013,Europe,no_participation,right
Age_23_25,Heights_178_183,matches_30_37,goals_5_36,y_card_5_18,Homegrown,Forward,Transfer_year_2013,Europe,no_participation,right
Age_21_23,Heights_178_183,matches_0_20,goals_0_1,y_card_0_2,Homegrown,Midfielder,Transfer_year_2013,Europe,no_participation,right
Age_25_28,Heights_183_188,matches_0_20,goals_0_1,y_card_0_2,Homegrown,Defender,Transfer_year_2013,Europe,no_participation,right
Age_23_25,Heights_183_188,matches_0_20,goals_0_1,y_card_0_2,not_Homegrown,Forward,Transfer_year_2013,Europe,champions_league,both
Age_28_36,Heights_188_206,matches_0_20,goals_0_1,y_card_0_2,not_Homegrown,Goalkeeper,Transfer_year_2013,Europe,no_participation,right
Age_25_28,Heights_178_183,matches_30_37,goals_1_5,y_card_2_5,not_Homegrown,Defender,Transfer_year_2013,Europe,europa_league,right
Age_16_21,Heights_159_178,matches_0_20,goals_0_1,y_card_0_2,Homegrown,Forward,Transfer_year_2013,Asia,no_participation,right
Age_23_25,Heights_178_183,matches_0_20,goals_0_1,y_card_0_2,not_Homegrown,Defender,Transfer_year_2013,Europe,no_participation,left
Age_23_25,Heights_188_206,matches_20_30,goals_1_5,y_card_5_18,not_Homegrown,Forward,Transfer_year_2013,Europe,no_participation,both
Age_25_28,Heights_178_183,matches_20_30,goals_5_36,y_card_5_18,not_Homegrown,Forward,Transfer_year_2013,Europe,no_participation,right
Age_21_23,Heights_183_188,matches_37_56,goals_5_36,y_card_5_18,not_Homegrown,Midfielder,Transfer_year_2013,Africa,champions_league,right
Age_21_23,Heights_183_188,matches_20_30,goals_0_1,y_card_2_5,not_Homegrown,Defender,Transfer_year_2013,Europe,europa_league,right
Age_23_25,Heights_183_188,matches_0_20,goals_0_1,y_card_0_2,not_Homegrown,Defender,Transfer_year_2013,Europe,europa_league,left
Age_23_25,Heights_188_206,matches_20_30,goals_5_36,y_card_2_5,not_Homegrown,Forward,Transfer_year_2013,Europe,europa_league,right
Age_16_21,Heights_183_188,matches_30_37,goals_1_5,y_card_5_18,not_Homegrown,Defender,Transfer_year_2013,Europe,champions_league,right
Age_21_23,Heights_159_178,matches_20_30,goals_1_5,y_card_2_5,not_Homegrown,Forward,Transfer_year_2013,Europe,no_participation,both
Age_21_23,Heights_159_178,matches_0_20,goals_0_1,y_card_5_18,not_Homegrown,Defender,Transfer_year_2013,Europe,no_participation,left
Age_21_23,Heights_188_206,matches_30_37,goals_5_36,y_card_0_2,not_Homegrown,Forward,Transfer_year_2013,Europe,no_participation,right
Age_16_21,Heights_178_183,matches_30_37,goals_1_5,y_card_5_18,not_Homegrown,Defender,Transfer_year_2013,North_America,no_participation,right
Age_28_36,Heights_159_178,matches_20_30,goals_1_5,y_card_2_5,not_Homegrown,Midfielder,Transfer_year_2013,Africa,no_participation,right
Age_21_23,Heights_159_178,matches_20_30,goals_0_1,y_card_2_5,Homegrown,Midfielder,Transfer_year_2013,Europe,no_participation,left
Age_25_28,Heights_159_178,matches_0_20,goals_5_36,y_card_2_5,not_Homegrown,Midfielder,Transfer_year_2013,Europe,champions_league,right
Age_25_28,Heights_178_183,matches_30_37,goals_0_1,y_card_5_18,Homegrown,Defender,Transfer_year_2013,Europe,europa_league,right
Age_21_23,Heights_183_188,matches_30_37,goals_5_36,y_card_2_5,not_Homegrown,Forward,Transfer_year_2013,North_America,no_participation,right
Age_25_28,Heights_159_178,matches_20_30,goals_1_5,y_card_0_2,not_Homegrown,Midfielder,Transfer_year_2013,Europe,champions_league,right
Age_16_21,Heights_159_178,matches_30_37,goals_1_5,y_card_0_2,not_Homegrown,Defender,Transfer_year_2013,Europe,europa_league,right
Age_16_21,Heights_178_183,matches_0_20,goals_1_5,y_card_0_2,not_Homegrown,Forward,Transfer_year_2013,Europe,no_participation,left
Age_23_25,Heights_178_183,matches_30_37,goals_1_5,y_card_2_5,not_Homegrown,Midfielder,Transfer_year_2013,Europe,no_participation,left
Age_25_28,Heights_159_178,matches_30_37,goals_5_36,y_card_5_18,not_Homegrown,Defender,Transfer_year_2013,South_America,no_participation,right
Age_16_21,Heights_188_206,matches_37_56,goals_5_36,y_card_2_5,not_Homegrown,Forward,Transfer_year_2013,Europe,europa_league,left
Age_16_21,Heights_159_178,matches_0_20,goals_0_1,y_card_0_2,not_Homegrown,Midfielder,Transfer_year_2013,Europe,no_participation,right
Age_21_23,Heights_178_183,matches_20_30,goals_0_1,y_card_0_2,not_Homegrown,Defender,Transfer_year_2013,North_America,no_participation,right
Age_21_23,Heights_159_178,matches_20_30,goals_1_5,y_card_0_2,Homegrown,Forward,Transfer_year_2013,Europe,no_participation,right
Age_23_25,Heights_159_178,matches_37_56,goals_0_1,y_card_5_18,Homegrown,Defender,Transfer_year_2013,Europe,no_participation,right
Age_23_25,Heights_183_188,matches_0_20,goals_0_1,y_card_5_18,not_Homegrown,Defender,Transfer_year_2013,Europe,europa_league,right
Age_21_23,Heights_188_206,matches_37_56,goals_0_1,y_card_0_2,Homegrown,Goalkeeper,Transfer_year_2013,Europe,no_participation,right
Age_23_25,Heights_188_206,matches_0_20,goals_0_1,y_card_0_2,not_Homegrown,Forward,Transfer_year_2013,Africa,no_participation,right
Age_25_28,Heights_183_188,matches_37_56,goals_5_36,y_card_2_5,Homegrown,Defender,Transfer_year_2013,Africa,no_participation,right
Age_23_25,Heights_178_183,matches_30_37,goals_5_36,y_card_5_18,not_Homegrown,Forward,Transfer_year_2013,Africa,no_participation,right
Age_28_36,Heights_178_183,matches_20_30,goals_0_1,y_card_0_2,not_Homegrown,Goalkeeper,Transfer_year_2013,Europe,no_participation,right
Age_21_23,Heights_178_183,matches_30_37,goals_0_1,y_card_5_18,Homegrown,Midfielder,Transfer_year_2013,Europe,no_participation,right
Age_23_25,Heights_159_178,matches_37_56,goals_5_36,y_card_5_18,not_Homegrown,Forward,Transfer_year_2014,South_America,champions_league,right
Age_16_21,Heights_178_183,matches_20_30,goals_0_1,y_card_0_2,Homegrown,Defender,Transfer_year_2014,Europe,no_participation,right
Age_21_23,Heights_183_188,matches_20_30,goals_5_36,y_card_0_2,Homegrown,Forward,Transfer_year_2014,Europe,champions_league,right
Age_23_25,Heights_183_188,matches_20_30,goals_0_1,y_card_2_5,not_Homegrown,Defender,Transfer_year_2014,South_America,europa_league,right
Age_25_28,Heights_159_178,matches_20_30,goals_0_1,y_card_5_18,not_Homegrown,Defender,Transfer_year_2014,Europe,no_participation,right
Age_23_25,Heights_178_183,matches_20_30,goals_0_1,y_card_0_2,not_Homegrown,Goalkeeper,Transfer_year_2014,South_America,no_participation,right
Age_25_28,Heights_178_183,matches_0_20,goals_0_1,y_card_0_2,not_Homegrown,Defender,Transfer_year_2014,Europe,champions_league,left
Age_16_21,Heights_188_206,matches_0_20,goals_0_1,y_card_0_2,Homegrown,Defender,Transfer_year_2014,Europe,no_participation,left
Age_25_28,Heights_178_183,matches_20_30,goals_0_1,y_card_5_18,not_Homegrown,Midfielder,Transfer_year_2014,South_America,no_participation,left
Age_21_23,Heights_159_178,matches_0_20,goals_0_1,y_card_0_2,not_Homegrown,Midfielder,Transfer_year_2014,Europe,no_participation,left
Age_25_28,Heights_183_188,matches_0_20,goals_0_1,y_card_0_2,not_Homegrown,Defender,Transfer_year_2014,Europe,no_participation,left
Age_28_36,Heights_159_178,matches_30_37,goals_1_5,y_card_2_5,Homegrown,Defender,Transfer_year_2014,Europe,no_participation,left
Age_28_36,Heights_178_183,matches_30_37,goals_1_5,y_card_5_18,not_Homegrown,Midfielder,Transfer_year_2014,Africa,no_participation,right
Age_21_23,Heights_183_188,matches_0_20,goals_0_1,y_card_0_2,Homegrown,Forward,Transfer_year_2014,Europe,no_participation,right
Age_16_21,Heights_159_178,matches_20_30,goals_1_5,y_card_2_5,Homegrown,Midfielder,Transfer_year_2014,Europe,no_participation,left
Age_21_23,Heights_159_178,matches_0_20,goals_1_5,y_card_0_2,Homegrown,Midfielder,Transfer_year_2014,North_America,no_participation,left
Age_25_28,Heights_183_188,matches_20_30,goals_1_5,y_card_0_2,Homegrown,Forward,Transfer_year_2014,Europe,no_participation,left
Age_23_25,Heights_183_188,matches_37_56,goals_5_36,y_card_0_2,Homegrown,Forward,Transfer_year_2014,Europe,no_participation,left
Age_21_23,Heights_183_188,matches_0_20,goals_0_1,y_card_0_2,Homegrown,Defender,Transfer_year_2014,Europe,no_participation,right
Age_25_28,Heights_159_178,matches_30_37,goals_1_5,y_card_0_2,Homegrown,Forward,Transfer_year_2014,Europe,no_participation,right
Age_25_28,Heights_183_188,matches_37_56,goals_1_5,y_card_2_5,not_Homegrown,Defender,Transfer_year_2014,Europe,no_participation,left
Age_21_23,Heights_178_183,matches_30_37,goals_5_36,y_card_0_2,Homegrown,Forward,Transfer_year_2014,Europe,no_participation,right
Age_23_25,Heights_183_188,matches_37_56,goals_5_36,y_card_5_18,not_Homegrown,Forward,Transfer_year_2014,Europe,champions_league,right
Age_25_28,Heights_178_183,matches_37_56,goals_5_36,y_card_5_18,Homegrown,Midfielder,Transfer_year_2014,Europe,champions_league,right
Age_25_28,Heights_159_178,matches_20_30,goals_5_36,y_card_2_5,not_Homegrown,Midfielder,Transfer_year_2014,South_America,europa_league,right
Age_25_28,Heights_178_183,matches_37_56,goals_0_1,y_card_5_18,not_Homegrown,Defender,Transfer_year_2014,South_America,champions_league,left
Age_25_28,Heights_183_188,matches_20_30,goals_5_36,y_card_0_2,not_Homegrown,Forward,Transfer_year_2014,Europe,no_participation,right
Age_16_21,Heights_183_188,matches_20_30,goals_5_36,y_card_5_18,not_Homegrown,Midfielder,Transfer_year_2014,Europe,no_participation,right
Age_25_28,Heights_188_206,matches_20_30,goals_0_1,y_card_5_18,not_Homegrown,Defender,Transfer_year_2014,South_America,champions_league,right
Age_16_21,Heights_188_206,matches_30_37,goals_5_36,y_card_0_2,not_Homegrown,Forward,Transfer_year_2014,Europe,no_participation,left
Age_28_36,Heights_188_206,matches_20_30,goals_5_36,y_card_0_2,not_Homegrown,Forward,Transfer_year_2014,Africa,champions_league,right
Age_21_23,Heights_159_178,matches_20_30,goals_1_5,y_card_0_2,Homegrown,Defender,Transfer_year_2014,Europe,no_participation,left
Age_28_36,Heights_183_188,matches_0_20,goals_0_1,y_card_0_2,not_Homegrown,Forward,Transfer_year_2014,Europe,champions_league,right
Age_25_28,Heights_159_178,matches_37_56,goals_1_5,y_card_2_5,not_Homegrown,Midfielder,Transfer_year_2014,Europe,europa_league,both
Age_21_23,Heights_183_188,matches_0_20,goals_0_1,y_card_2_5,Homegrown,Midfielder,Transfer_year_2014,Europe,no_participation,right
Age_23_25,Heights_159_178,matches_0_20,goals_0_1,y_card_5_18,not_Homegrown,Defender,Transfer_year_2014,Africa,europa_league,left
Age_16_21,Heights_183_188,matches_0_20,goals_0_1,y_card_0_2,Homegrown,Defender,Transfer_year_2014,Europe,europa_league,left
Age_23_25,Heights_188_206,matches_0_20,goals_0_1,y_card_0_2,Homegrown,Defender,Transfer_year_2014,Europe,no_participation,right
Age_25_28,Heights_159_178,matches_30_37,goals_5_36,y_card_2_5,Homegrown,Forward,Transfer_year_2014,Europe,no_participation,right
Age_16_21,Heights_178_183,matches_0_20,goals_0_1,y_card_2_5,not_Homegrown,Midfielder,Transfer_year_2014,Europe,no_participation,right
Age_21_23,Heights_159_178,matches_0_20,goals_0_1,y_card_0_2,Homegrown,Midfielder,Transfer_year_2014,Europe,no_participation,right
Age_16_21,Heights_178_183,matches_20_30,goals_0_1,y_card_5_18,not_Homegrown,Midfielder,Transfer_year_2014,Europe,no_participation,right
Age_21_23,Heights_188_206,matches_30_37,goals_0_1,y_card_5_18,Homegrown,Defender,Transfer_year_2014,Europe,no_participation,right
Age_23_25,Heights_183_188,matches_20_30,goals_5_36,y_card_5_18,not_Homegrown,Forward,Transfer_year_2014,South_America,no_participation,left
Age_25_28,Heights_178_183,matches_20_30,goals_5_36,y_card_5_18,not_Homegrown,Forward,Transfer_year_2014,Europe,no_participation,left
Age_23_25,Heights_178_183,matches_30_37,goals_1_5,y_card_5_18,Homegrown,Midfielder,Transfer_year_2014,Europe,no_participation,right
Age_25_28,Heights_183_188,matches_30_37,goals_1_5,y_card_2_5,not_Homegrown,Midfielder,Transfer_year_2014,Africa,no_participation,right
Age_28_36,Heights_188_206,matches_37_56,goals_0_1,y_card_5_18,Homegrown,Defender,Transfer_year_2014,Europe,europa_league,right
Age_28_36,Heights_183_188,matches_0_20,goals_1_5,y_card_2_5,not_Homegrown,Forward,Transfer_year_2014,Africa,no_participation,right
Age_16_21,Heights_159_178,matches_30_37,goals_1_5,y_card_5_18,not_Homegrown,Defender,Transfer_year_2014,Europe,no_participation,left
Age_16_21,Heights_188_206,matches_37_56,goals_1_5,y_card_5_18,Homegrown,Defender,Transfer_year_2014,Europe,no_participation,right
Age_21_23,Heights_159_178,matches_30_37,goals_5_36,y_card_0_2,Homegrown,Forward,Transfer_year_2014,Europe,no_participation,left
Age_25_28,Heights_178_183,matches_20_30,goals_5_36,y_card_0_2,Homegrown,Forward,Transfer_year_2014,Europe,no_participation,both
Age_25_28,Heights_183_188,matches_30_37,goals_5_36,y_card_5_18,not_Homegrown,Forward,Transfer_year_2014,South_America,no_participation,right
Age_21_23,Heights_159_178,matches_20_30,goals_5_36,y_card_0_2,not_Homegrown,Midfielder,Transfer_year_2014,Europe,europa_league,right
Age_25_28,Heights_159_178,matches_30_37,goals_0_1,y_card_2_5,Homegrown,Defender,Transfer_year_2014,Europe,no_participation,right
Age_25_28,Heights_159_178,matches_37_56,goals_5_36,y_card_2_5,Homegrown,Midfielder,Transfer_year_2014,Europe,no_participation,both
Age_23_25,Heights_183_188,matches_30_37,goals_1_5,y_card_5_18,not_Homegrown,Defender,Transfer_year_2014,Europe,no_participation,right
Age_16_21,Heights_159_178,matches_37_56,goals_5_36,y_card_0_2,not_Homegrown,Forward,Transfer_year_2014,Europe,Multiple,right
Age_23_25,Heights_188_206,matches_37_56,goals_5_36,y_card_5_18,not_Homegrown,Forward,Transfer_year_2014,Europe,champions_league,right
Age_21_23,Heights_159_178,matches_37_56,goals_1_5,y_card_5_18,not_Homegrown,Defender,Transfer_year_2014,Europe,europa_league,left
Age_16_21,Heights_188_206,matches_20_30,goals_1_5,y_card_0_2,not_Homegrown,Forward,Transfer_year_2014,Europe,no_participation,right
Age_16_21,Heights_183_188,matches_30_37,goals_1_5,y_card_5_18,not_Homegrown,Midfielder,Transfer_year_2014,Europe,champions_league,right
Age_28_36,Heights_183_188,matches_30_37,goals_5_36,y_card_0_2,Homegrown,Forward,Transfer_year_2014,Europe,no_participation,right
Age_25_28,Heights_178_183,matches_30_37,goals_5_36,y_card_5_18,not_Homegrown,Forward,Transfer_year_2014,South_America,no_participation,right
Age_28_36,Heights_188_206,matches_0_20,goals_1_5,y_card_0_2,not_Homegrown,Defender,Transfer_year_2014,Europe,no_participation,left
Age_28_36,Heights_183_188,matches_37_56,goals_0_1,y_card_0_2,not_Homegrown,Goalkeeper,Transfer_year_2014,Europe,Multiple,right
Age_16_21,Heights_159_178,matches_0_20,goals_0_1,y_card_0_2,Homegrown,Forward,Transfer_year_2014,Europe,no_participation,left
Age_16_21,Heights_178_183,matches_30_37,goals_0_1,y_card_5_18,Homegrown,Defender,Transfer_year_2014,Europe,no_participation,left
Age_21_23,Heights_183_188,matches_30_37,goals_1_5,y_card_5_18,not_Homegrown,Defender,Transfer_year_2014,Europe,Multiple,left
Age_25_28,Heights_178_183,matches_20_30,goals_5_36,y_card_2_5,not_Homegrown,Forward,Transfer_year_2014,Africa,champions_league,right
Age_25_28,Heights_178_183,matches_30_37,goals_0_1,y_card_5_18,not_Homegrown,Midfielder,Transfer_year_2014,South_America,Multiple,right
Age_28_36,Heights_183_188,matches_37_56,goals_0_1,y_card_2_5,not_Homegrown,Goalkeeper,Transfer_year_2014,South_America,no_participation,right
Age_25_28,Heights_183_188,matches_30_37,goals_0_1,y_card_5_18,not_Homegrown,Midfielder,Transfer_year_2014,Europe,champions_league,right
Age_21_23,Heights_183_188,matches_0_20,goals_0_1,y_card_0_2,Homegrown,Defender,Transfer_year_2014,Europe,champions_league,right
Age_25_28,Heights_159_178,matches_37_56,goals_5_36,y_card_5_18,not_Homegrown,Forward,Transfer_year_2014,South_America,champions_league,left
Age_16_21,Heights_159_178,matches_30_37,goals_0_1,y_card_2_5,Homegrown,Defender,Transfer_year_2014,Europe,no_participation,left
Age_23_25,Heights_178_183,matches_30_37,goals_1_5,y_card_5_18,not_Homegrown,Midfielder,Transfer_year_2014,Europe,no_participation,right
Age_23_25,Heights_183_188,matches_20_30,goals_1_5,y_card_5_18,not_Homegrown,Defender,Transfer_year_2014,South_America,no_participation,left
Age_23_25,Heights_178_183,matches_37_56,goals_0_1,y_card_5_18,not_Homegrown,Defender,Transfer_year_2014,Europe,Multiple,left
Age_23_25,Heights_159_178,matches_20_30,goals_0_1,y_card_0_2,not_Homegrown,Midfielder,Transfer_year_2014,Asia,champions_league,right
Age_23_25,Heights_159_178,matches_0_20,goals_0_1,y_card_2_5,not_Homegrown,Defender,Transfer_year_2014,Europe,champions_league,left
Age_23_25,Heights_188_206,matches_30_37,goals_5_36,y_card_2_5,not_Homegrown,Forward,Transfer_year_2014,Africa,europa_league,right
Age_28_36,Heights_159_178,matches_37_56,goals_1_5,y_card_5_18,not_Homegrown,Defender,Transfer_year_2014,Europe,champions_league,left
Age_23_25,Heights_159_178,matches_30_37,goals_5_36,y_card_0_2,not_Homegrown,Midfielder,Transfer_year_2014,Europe,no_participation,right
Age_23_25,Heights_183_188,matches_20_30,goals_5_36,y_card_0_2,not_Homegrown,Midfielder,Transfer_year_2014,Europe,Multiple,right
Age_23_25,Heights_178_183,matches_20_30,goals_5_36,y_card_2_5,not_Homegrown,Forward,Transfer_year_2014,North_America,no_participation,right
Age_23_25,Heights_183_188,matches_20_30,goals_1_5,y_card_0_2,not_Homegrown,Defender,Transfer_year_2014,Europe,no_participation,right
Age_16_21,Heights_183_188,matches_20_30,goals_1_5,y_card_5_18,Homegrown,Defender,Transfer_year_2014,Europe,no_participation,right
Age_21_23,Heights_188_206,matches_37_56,goals_0_1,y_card_2_5,Homegrown,Goalkeeper,Transfer_year_2014,Europe,no_participation,right
Age_16_21,Heights_159_178,matches_30_37,goals_5_36,y_card_2_5,not_Homegrown,Forward,Transfer_year_2014,Europe,no_participation,right
Age_21_23,Heights_188_206,matches_37_56,goals_1_5,y_card_0_2,Homegrown,Defender,Transfer_year_2014,Africa,no_participation,right
Age_23_25,Heights_183_188,matches_20_30,goals_1_5,y_card_5_18,not_Homegrown,Midfielder,Transfer_year_2014,Europe,no_participation,right
Age_23_25,Heights_183_188,matches_20_30,goals_0_1,y_card_5_18,not_Homegrown,Midfielder,Transfer_year_2014,South_America,europa_league,right
Age_23_25,Heights_188_206,matches_37_56,goals_0_1,y_card_0_2,Homegrown,Goalkeeper,Transfer_year_2014,Europe,no_participation,right
Age_25_28,Heights_178_183,matches_0_20,goals_0_1,y_card_0_2,not_Homegrown,Midfielder,Transfer_year_2014,Europe,champions_league,right
Age_21_23,Heights_159_178,matches_37_56,goals_5_36,y_card_5_18,not_Homegrown,Forward,Transfer_year_2014,Africa,europa_league,right
Age_23_25,Heights_178_183,matches_30_37,goals_5_36,y_card_2_5,not_Homegrown,Forward,Transfer_year_2014,Europe,no_participation,left
Age_25_28,Heights_188_206,matches_37_56,goals_0_1,y_card_0_2,Homegrown,Goalkeeper,Transfer_year_2014,Europe,champions_league,right
Age_25_28,Heights_188_206,matches_20_30,goals_5_36,y_card_2_5,not_Homegrown,Forward,Transfer_year_2014,Europe,no_participation,right
Age_23_25,Heights_188_206,matches_30_37,goals_1_5,y_card_5_18,not_Homegrown,Defender,Transfer_year_2014,Europe,champions_league,right
Age_23_25,Heights_183_188,matches_0_20,goals_1_5,y_card_0_2,Homegrown,Midfielder,Transfer_year_2014,Europe,no_participation,right
Age_25_28,Heights_159_178,matches_20_30,goals_5_36,y_card_0_2,Homegrown,Forward,Transfer_year_2014,Europe,no_participation,right
Age_21_23,Heights_159_178,matches_20_30,goals_1_5,y_card_0_2,not_Homegrown,Forward,Transfer_year_2014,Europe,Multiple,right
Age_25_28,Heights_183_188,matches_20_30,goals_1_5,y_card_2_5,Homegrown,Forward,Transfer_year_2014,North_America,no_participation,right
Age_28_36,Heights_159_178,matches_0_20,goals_5_36,y_card_2_5,Homegrown,Forward,Transfer_year_2014,Europe,no_participation,right
Age_23_25,Heights_188_206,matches_30_37,goals_1_5,y_card_5_18,not_Homegrown,Midfielder,Transfer_year_2014,Africa,europa_league,right
Age_28_36,Heights_159_178,matches_0_20,goals_0_1,y_card_0_2,not_Homegrown,Forward,Transfer_year_2014,South_America,no_participation,right
Age_16_21,Heights_178_183,matches_0_20,goals_0_1,y_card_0_2,not_Homegrown,Forward,Transfer_year_2014,Europe,no_participation,left
Age_23_25,Heights_183_188,matches_30_37,goals_1_5,y_card_0_2,Homegrown,Midfielder,Transfer_year_2014,Europe,europa_league,right
Age_23_25,Heights_188_206,matches_30_37,goals_0_1,y_card_5_18,not_Homegrown,Defender,Transfer_year_2014,South_America,Multiple,right
Age_25_28,Heights_178_183,matches_0_20,goals_0_1,y_card_0_2,Homegrown,Defender,Transfer_year_2014,Europe,europa_league,right
Age_23_25,Heights_159_178,matches_20_30,goals_1_5,y_card_2_5,not_Homegrown,Forward,Transfer_year_2014,South_America,no_participation,right
Age_16_21,Heights_159_178,matches_20_30,goals_1_5,y_card_0_2,Homegrown,Midfielder,Transfer_year_2014,Europe,no_participation,left
Age_16_21,Heights_159_178,matches_0_20,goals_5_36,y_card_2_5,not_Homegrown,Forward,Transfer_year_2014,Africa,no_participation,left
Age_25_28,Heights_178_183,matches_30_37,goals_1_5,y_card_2_5,not_Homegrown,Forward,Transfer_year_2014,Europe,europa_league,both
Age_16_21,Heights_178_183,matches_37_56,goals_1_5,y_card_2_5,Homegrown,Defender,Transfer_year_2014,Europe,europa_league,left
Age_28_36,Heights_178_183,matches_20_30,goals_0_1,y_card_0_2,not_Homegrown,Goalkeeper,Transfer_year_2014,Europe,europa_league,right
Age_25_28,Heights_183_188,matches_37_56,goals_1_5,y_card_5_18,not_Homegrown,Defender,Transfer_year_2014,Europe,europa_league,right
Age_28_36,Heights_159_178,matches_30_37,goals_1_5,y_card_2_5,not_Homegrown,Forward,Transfer_year_2014,Europe,europa_league,right
Age_25_28,Heights_188_206,matches_37_56,goals_1_5,y_card_5_18,not_Homegrown,Defender,Transfer_year_2014,South_America,europa_league,right
Age_23_25,Heights_178_183,matches_30_37,goals_1_5,y_card_2_5,not_Homegrown,Midfielder,Transfer_year_2014,Europe,no_participation,right
Age_16_21,Heights_188_206,matches_0_20,goals_0_1,y_card_0_2,not_Homegrown,Defender,Transfer_year_2014,Europe,no_participation,right
Age_16_21,Heights_159_178,matches_20_30,goals_0_1,y_card_2_5,not_Homegrown,Defender,Transfer_year_2014,North_America,no_participation,right
Age_23_25,Heights_159_178,matches_20_30,goals_1_5,y_card_0_2,not_Homegrown,Forward,Transfer_year_2014,Europe,no_participation,left
Age_21_23,Heights_178_183,matches_0_20,goals_0_1,y_card_0_2,Homegrown,Forward,Transfer_year_2014,Europe,no_participation,right
Age_23_25,Heights_178_183,matches_20_30,goals_1_5,y_card_0_2,not_Homegrown,Forward,Transfer_year_2014,Africa,europa_league,right
Age_21_23,Heights_159_178,matches_20_30,goals_1_5,y_card_2_5,Homegrown,Forward,Transfer_year_2014,Europe,no_participation,right
Age_23_25,Heights_159_178,matches_0_20,goals_0_1,y_card_0_2,not_Homegrown,Defender,Transfer_year_2014,North_America,no_participation,right
Age_25_28,Heights_159_178,matches_20_30,goals_5_36,y_card_5_18,not_Homegrown,Midfielder,Transfer_year_2014,South_America,no_participation,both
Age_25_28,Heights_178_183,matches_0_20,goals_0_1,y_card_2_5,not_Homegrown,Defender,Transfer_year_2014,Europe,no_participation,left
Age_16_21,Heights_183_188,matches_0_20,goals_0_1,y_card_2_5,Homegrown,Midfielder,Transfer_year_2014,Europe,no_participation,right
Age_25_28,Heights_159_178,matches_37_56,goals_5_36,y_card_2_5,not_Homegrown,Forward,Transfer_year_2015,Europe,champions_league,both
Age_16_21,Heights_178_183,matches_30_37,goals_1_5,y_card_2_5,not_Homegrown,Defender,Transfer_year_2015,Africa,no_participation,left
Age_25_28,Heights_188_206,matches_30_37,goals_0_1,y_card_2_5,Homegrown,Goalkeeper,Transfer_year_2015,Europe,no_participation,right
Age_16_21,Heights_178_183,matches_0_20,goals_0_1,y_card_0_2,not_Homegrown,Forward,Transfer_year_2015,South_America,no_participation,left
Age_21_23,Heights_188_206,matches_37_56,goals_1_5,y_card_5_18,Homegrown,Defender,Transfer_year_2015,North_America,no_participation,right
Age_16_21,Heights_188_206,matches_20_30,goals_0_1,y_card_2_5,not_Homegrown,Defender,Transfer_year_2015,North_America,no_participation,right
Age_25_28,Heights_188_206,matches_30_37,goals_0_1,y_card_5_18,not_Homegrown,Defender,Transfer_year_2015,Africa,no_participation,left
Age_28_36,Heights_178_183,matches_20_30,goals_0_1,y_card_2_5,not_Homegrown,Defender,Transfer_year_2015,South_America,champions_league,left
Age_28_36,Heights_188_206,matches_0_20,goals_0_1,y_card_0_2,not_Homegrown,Goalkeeper,Transfer_year_2015,Europe,champions_league,left
Age_21_23,Heights_159_178,matches_37_56,goals_1_5,y_card_2_5,not_Homegrown,Forward,Transfer_year_2015,Europe,europa_league,right
Age_21_23,Heights_178_183,matches_20_30,goals_0_1,y_card_5_18,not_Homegrown,Midfielder,Transfer_year_2015,Europe,no_participation,right
Age_23_25,Heights_159_178,matches_30_37,goals_1_5,y_card_0_2,not_Homegrown,Midfielder,Transfer_year_2015,Africa,no_participation,left
Age_21_23,Heights_159_178,matches_0_20,goals_0_1,y_card_0_2,Homegrown,Midfielder,Transfer_year_2015,Europe,no_participation,left
Age_23_25,Heights_178_183,matches_37_56,goals_5_36,y_card_5_18,not_Homegrown,Midfielder,Transfer_year_2015,Europe,europa_league,right
Age_16_21,Heights_159_178,matches_37_56,goals_5_36,y_card_5_18,Homegrown,Forward,Transfer_year_2015,Europe,Multiple,right
Age_25_28,Heights_178_183,matches_37_56,goals_5_36,y_card_5_18,not_Homegrown,Defender,Transfer_year_2015,South_America,no_participation,right
Age_23_25,Heights_159_178,matches_30_37,goals_1_5,y_card_2_5,Homegrown,Midfielder,Transfer_year_2015,Europe,no_participation,left
Age_16_21,Heights_159_178,matches_0_20,goals_0_1,y_card_0_2,Homegrown,Forward,Transfer_year_2015,Europe,no_participation,left
Age_16_21,Heights_183_188,matches_0_20,goals_0_1,y_card_0_2,not_Homegrown,Forward,Transfer_year_2015,Asia,no_participation,right
Age_21_23,Heights_183_188,matches_37_56,goals_5_36,y_card_2_5,not_Homegrown,Forward,Transfer_year_2015,Europe,no_participation,right
Age_21_23,Heights_159_178,matches_0_20,goals_0_1,y_card_0_2,not_Homegrown,Midfielder,Transfer_year_2015,Oceania,no_participation,right
Age_23_25,Heights_188_206,matches_37_56,goals_1_5,y_card_5_18,not_Homegrown,Defender,Transfer_year_2015,Europe,no_participation,right
Age_28_36,Heights_183_188,matches_30_37,goals_5_36,y_card_2_5,not_Homegrown,Forward,Transfer_year_2015,Europe,no_participation,left
Age_16_21,Heights_159_178,matches_20_30,goals_1_5,y_card_2_5,Homegrown,Forward,Transfer_year_2015,Europe,europa_league,left
Age_21_23,Heights_183_188,matches_0_20,goals_0_1,y_card_2_5,not_Homegrown,Defender,Transfer_year_2015,Europe,champions_league,left
Age_16_21,Heights_183_188,matches_30_37,goals_0_1,y_card_2_5,not_Homegrown,Defender,Transfer_year_2015,Europe,europa_league,left
Age_25_28,Heights_159_178,matches_0_20,goals_1_5,y_card_0_2,Homegrown,Forward,Transfer_year_2015,Europe,no_participation,right
Age_23_25,Heights_183_188,matches_0_20,goals_0_1,y_card_0_2,Homegrown,Defender,Transfer_year_2015,Europe,no_participation,right
Age_16_21,Heights_159_178,matches_0_20,goals_0_1,y_card_0_2,Homegrown,Midfielder,Transfer_year_2015,Europe,no_participation,left
Age_21_23,Heights_178_183,matches_20_30,goals_1_5,y_card_2_5,not_Homegrown,Midfielder,Transfer_year_2015,Africa,europa_league,right
Age_28_36,Heights_178_183,matches_30_37,goals_1_5,y_card_2_5,not_Homegrown,Forward,Transfer_year_2015,Europe,champions_league,left
Age_16_21,Heights_178_183,matches_37_56,goals_5_36,y_card_0_2,not_Homegrown,Forward,Transfer_year_2015,Europe,champions_league,right
Age_23_25,Heights_183_188,matches_20_30,goals_1_5,y_card_5_18,not_Homegrown,Midfielder,Transfer_year_2015,Europe,no_participation,right
Age_16_21,Heights_159_178,matches_30_37,goals_5_36,y_card_2_5,not_Homegrown,Forward,Transfer_year_2015,Europe,europa_league,right
Age_23_25,Heights_178_183,matches_37_56,goals_1_5,y_card_2_5,not_Homegrown,Defender,Transfer_year_2015,Europe,europa_league,right
Age_25_28,Heights_159_178,matches_30_37,goals_1_5,y_card_2_5,not_Homegrown,Forward,Transfer_year_2015,South_America,no_participation,left
Age_25_28,Heights_159_178,matches_30_37,goals_5_36,y_card_0_2,not_Homegrown,Forward,Transfer_year_2015,North_America,champions_league,right
Age_25_28,Heights_183_188,matches_0_20,goals_0_1,y_card_0_2,Homegrown,Defender,Transfer_year_2015,Europe,no_participation,both
Age_28_36,Heights_178_183,matches_20_30,goals_5_36,y_card_2_5,not_Homegrown,Forward,Transfer_year_2015,Europe,no_participation,left
Age_25_28,Heights_159_178,matches_30_37,goals_5_36,y_card_5_18,not_Homegrown,Forward,Transfer_year_2015,Europe,Multiple,both
Age_23_25,Heights_159_178,matches_0_20,goals_0_1,y_card_0_2,Homegrown,Defender,Transfer_year_2015,South_America,no_participation,right
Age_16_21,Heights_159_178,matches_30_37,goals_5_36,y_card_0_2,not_Homegrown,Forward,Transfer_year_2015,South_America,europa_league,right
Age_21_23,Heights_183_188,matches_37_56,goals_5_36,y_card_2_5,not_Homegrown,Forward,Transfer_year_2015,Asia,champions_league,both
Age_25_28,Heights_183_188,matches_20_30,goals_0_1,y_card_2_5,not_Homegrown,Defender,Transfer_year_2015,Europe,no_participation,right
Age_21_23,Heights_159_178,matches_20_30,goals_5_36,y_card_0_2,not_Homegrown,Forward,Transfer_year_2015,Africa,no_participation,right
Age_21_23,Heights_183_188,matches_30_37,goals_0_1,y_card_2_5,not_Homegrown,Defender,Transfer_year_2015,Europe,no_participation,left
Age_23_25,Heights_159_178,matches_37_56,goals_0_1,y_card_0_2,Homegrown,Defender,Transfer_year_2015,Europe,no_participation,right
Age_23_25,Heights_178_183,matches_0_20,goals_0_1,y_card_0_2,Homegrown,Forward,Transfer_year_2015,Europe,europa_league,left
Age_25_28,Heights_178_183,matches_20_30,goals_0_1,y_card_2_5,not_Homegrown,Midfielder,Transfer_year_2015,South_America,europa_league,right
Age_25_28,Heights_188_206,matches_0_20,goals_0_1,y_card_0_2,not_Homegrown,Midfielder,Transfer_year_2015,Europe,europa_league,right
Age_23_25,Heights_178_183,matches_20_30,goals_0_1,y_card_5_18,not_Homegrown,Midfielder,Transfer_year_2015,Europe,europa_league,right
Age_23_25,Heights_183_188,matches_0_20,goals_0_1,y_card_5_18,not_Homegrown,Defender,Transfer_year_2015,Europe,europa_league,right
Age_23_25,Heights_159_178,matches_20_30,goals_0_1,y_card_2_5,not_Homegrown,Midfielder,Transfer_year_2015,Europe,no_participation,left
Age_25_28,Heights_159_178,matches_20_30,goals_1_5,y_card_2_5,Homegrown,Forward,Transfer_year_2015,Europe,europa_league,right
Age_28_36,Heights_188_206,matches_0_20,goals_0_1,y_card_0_2,not_Homegrown,Defender,Transfer_year_2015,Europe,europa_league,right
Age_21_23,Heights_178_183,matches_0_20,goals_0_1,y_card_2_5,Homegrown,Defender,Transfer_year_2015,Europe,no_participation,right
Age_23_25,Heights_188_206,matches_30_37,goals_5_36,y_card_0_2,not_Homegrown,Forward,Transfer_year_2015,Europe,no_participation,right
Age_21_23,Heights_178_183,matches_30_37,goals_5_36,y_card_5_18,not_Homegrown,Forward,Transfer_year_2015,South_America,no_participation,right
Age_23_25,Heights_159_178,matches_37_56,goals_1_5,y_card_5_18,Homegrown,Defender,Transfer_year_2015,Europe,no_participation,right
Age_21_23,Heights_159_178,matches_30_37,goals_5_36,y_card_5_18,Homegrown,Forward,Transfer_year_2015,Europe,no_participation,right
Age_16_21,Heights_183_188,matches_20_30,goals_0_1,y_card_0_2,Homegrown,Defender,Transfer_year_2015,Europe,no_participation,right
Age_23_25,Heights_178_183,matches_0_20,goals_0_1,y_card_2_5,Homegrown,Forward,Transfer_year_2015,Europe,champions_league,right
Age_25_28,Heights_159_178,matches_20_30,goals_5_36,y_card_0_2,not_Homegrown,Forward,Transfer_year_2015,Europe,europa_league,left
Age_28_36,Heights_183_188,matches_30_37,goals_1_5,y_card_0_2,Homegrown,Forward,Transfer_year_2015,Europe,Multiple,right
Age_23_25,Heights_188_206,matches_0_20,goals_0_1,y_card_0_2,not_Homegrown,Defender,Transfer_year_2015,South_America,no_participation,right
Age_23_25,Heights_188_206,matches_37_56,goals_1_5,y_card_2_5,not_Homegrown,Defender,Transfer_year_2015,Europe,europa_league,right
Age_23_25,Heights_159_178,matches_37_56,goals_1_5,y_card_5_18,not_Homegrown,Midfielder,Transfer_year_2015,Europe,europa_league,right
Age_21_23,Heights_159_178,matches_37_56,goals_5_36,y_card_2_5,not_Homegrown,Forward,Transfer_year_2015,Europe,no_participation,right
Age_21_23,Heights_159_178,matches_30_37,goals_0_1,y_card_5_18,not_Homegrown,Defender,Transfer_year_2015,Europe,Multiple,right
Age_25_28,Heights_183_188,matches_0_20,goals_5_36,y_card_2_5,Homegrown,Forward,Transfer_year_2015,Europe,no_participation,right
Age_23_25,Heights_183_188,matches_30_37,goals_0_1,y_card_2_5,not_Homegrown,Defender,Transfer_year_2015,North_America,no_participation,right
Age_25_28,Heights_178_183,matches_20_30,goals_5_36,y_card_0_2,not_Homegrown,Forward,Transfer_year_2015,Europe,no_participation,right
Age_25_28,Heights_188_206,matches_20_30,goals_5_36,y_card_2_5,not_Homegrown,Forward,Transfer_year_2015,Europe,no_participation,both
Age_25_28,Heights_159_178,matches_37_56,goals_0_1,y_card_5_18,not_Homegrown,Defender,Transfer_year_2015,Europe,europa_league,left
Age_25_28,Heights_188_206,matches_30_37,goals_0_1,y_card_0_2,not_Homegrown,Goalkeeper,Transfer_year_2015,Europe,no_participation,right
Age_16_21,Heights_183_188,matches_20_30,goals_1_5,y_card_0_2,Homegrown,Forward,Transfer_year_2015,Europe,no_participation,right
Age_16_21,Heights_183_188,matches_20_30,goals_1_5,y_card_0_2,not_Homegrown,Forward,Transfer_year_2015,Europe,no_participation,right
Age_21_23,Heights_183_188,matches_0_20,goals_0_1,y_card_5_18,Homegrown,Midfielder,Transfer_year_2015,Europe,no_participation,right
Age_23_25,Heights_159_178,matches_20_30,goals_0_1,y_card_2_5,Homegrown,Defender,Transfer_year_2015,Europe,no_participation,right
Age_21_23,Heights_183_188,matches_0_20,goals_0_1,y_card_2_5,not_Homegrown,Midfielder,Transfer_year_2015,Africa,champions_league,left
Age_21_23,Heights_159_178,matches_30_37,goals_1_5,y_card_5_18,not_Homegrown,Midfielder,Transfer_year_2015,Europe,Multiple,left
Age_23_25,Heights_188_206,matches_30_37,goals_5_36,y_card_2_5,not_Homegrown,Forward,Transfer_year_2015,Europe,no_participation,right
Age_21_23,Heights_188_206,matches_20_30,goals_0_1,y_card_0_2,not_Homegrown,Goalkeeper,Transfer_year_2015,Europe,no_participation,right
Age_25_28,Heights_188_206,matches_37_56,goals_1_5,y_card_2_5,not_Homegrown,Midfielder,Transfer_year_2015,Europe,no_participation,right
Age_28_36,Heights_188_206,matches_0_20,goals_0_1,y_card_2_5,Homegrown,Defender,Transfer_year_2015,Europe,no_participation,right
Age_28_36,Heights_159_178,matches_30_37,goals_1_5,y_card_5_18,not_Homegrown,Midfielder,Transfer_year_2015,Europe,champions_league,right
Age_21_23,Heights_188_206,matches_37_56,goals_5_36,y_card_5_18,Homegrown,Forward,Transfer_year_2015,Europe,no_participation,right
Age_23_25,Heights_188_206,matches_0_20,goals_0_1,y_card_0_2,Homegrown,Goalkeeper,Transfer_year_2015,Europe,no_participation,right
Age_28_36,Heights_183_188,matches_37_56,goals_5_36,y_card_5_18,Homegrown,Forward,Transfer_year_2015,Europe,no_participation,right
Age_23_25,Heights_178_183,matches_20_30,goals_5_36,y_card_2_5,not_Homegrown,Forward,Transfer_year_2015,Africa,europa_league,right
Age_23_25,Heights_183_188,matches_20_30,goals_1_5,y_card_5_18,not_Homegrown,Defender,Transfer_year_2015,South_America,no_participation,left
Age_16_21,Heights_159_178,matches_20_30,goals_1_5,y_card_0_2,not_Homegrown,Forward,Transfer_year_2015,Europe,europa_league,right
Age_16_21,Heights_183_188,matches_20_30,goals_0_1,y_card_0_2,Homegrown,Defender,Transfer_year_2015,North_America,no_participation,right
Age_21_23,Heights_178_183,matches_20_30,goals_5_36,y_card_2_5,not_Homegrown,Forward,Transfer_year_2015,South_America,no_participation,right
Age_28_36,Heights_159_178,matches_0_20,goals_1_5,y_card_0_2,not_Homegrown,Forward,Transfer_year_2015,Europe,no_participation,right
Age_25_28,Heights_159_178,matches_30_37,goals_5_36,y_card_2_5,not_Homegrown,Midfielder,Transfer_year_2015,Europe,no_participation,right
Age_25_28,Heights_188_206,matches_20_30,goals_0_1,y_card_2_5,not_Homegrown,Defender,Transfer_year_2015,Europe,champions_league,left
Age_23_25,Heights_178_183,matches_37_56,goals_5_36,y_card_5_18,Homegrown,Forward,Transfer_year_2015,North_America,no_participation,right
Age_21_23,Heights_183_188,matches_30_37,goals_1_5,y_card_5_18,not_Homegrown,Midfielder,Transfer_year_2015,Africa,no_participation,right
Age_21_23,Heights_178_183,matches_20_30,goals_1_5,y_card_5_18,Homegrown,Defender,Transfer_year_2015,Europe,no_participation,right
Age_28_36,Heights_183_188,matches_20_30,goals_5_36,y_card_2_5,not_Homegrown,Forward,Transfer_year_2015,Europe,no_participation,both
Age_28_36,Heights_178_183,matches_37_56,goals_5_36,y_card_2_5,Homegrown,Midfielder,Transfer_year_2015,Europe,no_participation,left
Age_25_28,Heights_183_188,matches_20_30,goals_5_36,y_card_2_5,not_Homegrown,Forward,Transfer_year_2015,Africa,no_participation,left
Age_25_28,Heights_159_178,matches_0_20,goals_1_5,y_card_0_2,not_Homegrown,Forward,Transfer_year_2015,South_America,europa_league,right
Age_23_25,Heights_188_206,matches_37_56,goals_5_36,y_card_2_5,not_Homegrown,Forward,Transfer_year_2015,South_America,Multiple,right
Age_25_28,Heights_159_178,matches_20_30,goals_1_5,y_card_2_5,Homegrown,Defender,Transfer_year_2015,Europe,no_participation,right
Age_25_28,Heights_178_183,matches_30_37,goals_5_36,y_card_5_18,not_Homegrown,Midfielder,Transfer_year_2015,Europe,no_participation,left
Age_25_28,Heights_178_183,matches_20_30,goals_5_36,y_card_0_2,not_Homegrown,Forward,Transfer_year_2015,Africa,no_participation,right
Age_25_28,Heights_159_178,matches_30_37,goals_1_5,y_card_5_18,Homegrown,Midfielder,Transfer_year_2015,Europe,no_participation,right
Age_25_28,Heights_159_178,matches_0_20,goals_0_1,y_card_0_2,not_Homegrown,Midfielder,Transfer_year_2015,South_America,no_participation,both
Age_28_36,Heights_188_206,matches_30_37,goals_0_1,y_card_2_5,Homegrown,Defender,Transfer_year_2015,Europe,no_participation,left
Age_28_36,Heights_159_178,matches_30_37,goals_5_36,y_card_2_5,not_Homegrown,Forward,Transfer_year_2015,Asia,no_participation,right
Age_23_25,Heights_159_178,matches_30_37,goals_1_5,y_card_2_5,not_Homegrown,Midfielder,Transfer_year_2015,Europe,no_participation,right
Age_28_36,Heights_178_183,matches_30_37,goals_0_1,y_card_5_18,not_Homegrown,Midfielder,Transfer_year_2015,Europe,europa_league,both
Age_25_28,Heights_183_188,matches_20_30,goals_0_1,y_card_5_18,not_Homegrown,Defender,Transfer_year_2015,Africa,no_participation,right
Age_16_21,Heights_183_188,matches_0_20,goals_0_1,y_card_0_2,not_Homegrown,Defender,Transfer_year_2015,Africa,no_participation,right
Age_16_21,Heights_178_183,matches_20_30,goals_0_1,y_card_0_2,Homegrown,Forward,Transfer_year_2015,North_America,no_participation,right
Age_28_36,Heights_178_183,matches_30_37,goals_1_5,y_card_2_5,Homegrown,Forward,Transfer_year_2015,Europe,no_participation,right
Age_21_23,Heights_188_206,matches_0_20,goals_0_1,y_card_0_2,Homegrown,Forward,Transfer_year_2015,Oceania,no_participation,right
Age_23_25,Heights_159_178,matches_37_56,goals_5_36,y_card_0_2,not_Homegrown,Midfielder,Transfer_year_2015,Europe,europa_league,right
Age_16_21,Heights_188_206,matches_37_56,goals_5_36,y_card_5_18,not_Homegrown,Forward,Transfer_year_2015,Europe,Multiple,right
Age_21_23,Heights_178_183,matches_30_37,goals_1_5,y_card_2_5,not_Homegrown,Forward,Transfer_year_2015,Europe,no_participation,left
Age_16_21,Heights_178_183,matches_30_37,goals_1_5,y_card_2_5,not_Homegrown,Defender,Transfer_year_2015,Africa,champions_league,right
Age_23_25,Heights_159_178,matches_20_30,goals_1_5,y_card_2_5,not_Homegrown,Midfielder,Transfer_year_2015,Africa,europa_league,right
Age_16_21,Heights_183_188,matches_37_56,goals_5_36,y_card_5_18,Homegrown,Forward,Transfer_year_2015,Europe,no_participation,right
Age_23_25,Heights_183_188,matches_0_20,goals_0_1,y_card_0_2,not_Homegrown,Defender,Transfer_year_2015,Europe,europa_league,right
Age_21_23,Heights_159_178,matches_0_20,goals_0_1,y_card_0_2,not_Homegrown,Midfielder,Transfer_year_2015,Africa,no_participation,right
Age_28_36,Heights_188_206,matches_0_20,goals_0_1,y_card_0_2,Homegrown,Defender,Transfer_year_2015,Europe,no_participation,right
Age_23_25,Heights_159_178,matches_20_30,goals_1_5,y_card_5_18,not_Homegrown,Forward,Transfer_year_2015,Africa,europa_league,right
Age_25_28,Heights_159_178,matches_30_37,goals_5_36,y_card_2_5,not_Homegrown,Forward,Transfer_year_2015,Europe,europa_league,right
Age_25_28,Heights_183_188,matches_0_20,goals_0_1,y_card_2_5,not_Homegrown,Midfielder,Transfer_year_2015,South_America,no_participation,left
Age_25_28,Heights_183_188,matches_0_20,goals_0_1,y_card_5_18,not_Homegrown,Defender,Transfer_year_2015,Africa,no_participation,right
Age_25_28,Heights_188_206,matches_30_37,goals_0_1,y_card_5_18,not_Homegrown,Defender,Transfer_year_2015,South_America,no_participation,right
Age_21_23,Heights_159_178,matches_30_37,goals_0_1,y_card_0_2,Homegrown,Defender,Transfer_year_2015,Europe,europa_league,right
Age_23_25,Heights_188_206,matches_0_20,goals_0_1,y_card_0_2,not_Homegrown,Midfielder,Transfer_year_2015,Europe,no_participation,right
Age_21_23,Heights_178_183,matches_0_20,goals_0_1,y_card_0_2,not_Homegrown,Midfielder,Transfer_year_2015,Africa,no_participation,right
Age_21_23,Heights_178_183,matches_30_37,goals_5_36,y_card_5_18,not_Homegrown,Forward,Transfer_year_2015,Africa,no_participation,right
Age_16_21,Heights_159_178,matches_30_37,goals_1_5,y_card_5_18,not_Homegrown,Defender,Transfer_year_2015,Europe,no_participation,left
Age_16_21,Heights_159_178,matches_37_56,goals_1_5,y_card_5_18,not_Homegrown,Forward,Transfer_year_2015,Europe,no_participation,right
Age_21_23,Heights_159_178,matches_37_56,goals_5_36,y_card_5_18,not_Homegrown,Midfielder,Transfer_year_2015,Europe,no_participation,right
Age_23_25,Heights_159_178,matches_37_56,goals_1_5,y_card_5_18,not_Homegrown,Midfielder,Transfer_year_2015,Africa,europa_league,right
Age_25_28,Heights_188_206,matches_37_56,goals_5_36,y_card_2_5,not_Homegrown,Forward,Transfer_year_2015,Africa,no_participation,right
Age_25_28,Heights_183_188,matches_20_30,goals_0_1,y_card_5_18,not_Homegrown,Defender,Transfer_year_2015,Europe,no_participation,right
Age_21_23,Heights_178_183,matches_30_37,goals_1_5,y_card_2_5,Homegrown,Midfielder,Transfer_year_2015,Europe,no_participation,right
Age_23_25,Heights_183_188,matches_20_30,goals_0_1,y_card_2_5,not_Homegrown,Midfielder,Transfer_year_2015,Africa,no_participation,right
Age_25_28,Heights_178_183,matches_0_20,goals_0_1,y_card_0_2,Homegrown,Defender,Transfer_year_2015,Europe,no_participation,right
Age_21_23,Heights_178_183,matches_20_30,goals_5_36,y_card_0_2,Homegrown,Forward,Transfer_year_2015,Africa,no_participation,right
Age_21_23,Heights_188_206,matches_37_56,goals_0_1,y_card_5_18,Homegrown,Defender,Transfer_year_2015,Europe,no_participation,left
Age_25_28,Heights_159_178,matches_30_37,goals_5_36,y_card_5_18,Homegrown,Forward,Transfer_year_2015,Africa,europa_league,right
Age_25_28,Heights_178_183,matches_0_20,goals_0_1,y_card_0_2,Homegrown,Forward,Transfer_year_2015,North_America,no_participation,right
Age_25_28,Heights_178_183,matches_37_56,goals_5_36,y_card_2_5,Homegrown,Forward,Transfer_year_2015,Europe,no_participation,right
Age_28_36,Heights_183_188,matches_0_20,goals_0_1,y_card_0_2,not_Homegrown,Forward,Transfer_year_2015,Europe,no_participation,right
Age_21_23,Heights_178_183,matches_0_20,goals_1_5,y_card_0_2,not_Homegrown,Midfielder,Transfer_year_2015,Africa,no_participation,right
Age_21_23,Heights_178_183,matches_37_56,goals_5_36,y_card_0_2,not_Homegrown,Forward,Transfer_year_2015,Europe,no_participation,right
Age_25_28,Heights_178_183,matches_0_20,goals_0_1,y_card_2_5,not_Homegrown,Forward,Transfer_year_2015,Africa,no_participation,right
Age_21_23,Heights_178_183,matches_20_30,goals_5_36,y_card_2_5,not_Homegrown,Forward,Transfer_year_2015,Europe,no_participation,left
Age_25_28,Heights_188_206,matches_0_20,goals_0_1,y_card_2_5,not_Homegrown,Midfielder,Transfer_year_2015,Europe,europa_league,right
Age_28_36,Heights_183_188,matches_20_30,goals_0_1,y_card_5_18,not_Homegrown,Midfielder,Transfer_year_2015,Europe,no_participation,right
Age_23_25,Heights_159_178,matches_20_30,goals_1_5,y_card_2_5,not_Homegrown,Forward,Transfer_year_2015,Europe,no_participation,right
Age_23_25,Heights_178_183,matches_20_30,goals_5_36,y_card_2_5,not_Homegrown,Forward,Transfer_year_2015,Europe,no_participation,right
Age_25_28,Heights_183_188,matches_20_30,goals_1_5,y_card_0_2,Homegrown,Midfielder,Transfer_year_2015,Europe,no_participation,right
Age_25_28,Heights_183_188,matches_37_56,goals_5_36,y_card_5_18,not_Homegrown,Forward,Transfer_year_2016,Africa,europa_league,right
Age_21_23,Heights_159_178,matches_30_37,goals_5_36,y_card_2_5,not_Homegrown,Forward,Transfer_year_2016,Africa,champions_league,right
Age_16_21,Heights_178_183,matches_20_30,goals_0_1,y_card_5_18,not_Homegrown,Midfielder,Transfer_year_2016,Africa,europa_league,right
Age_23_25,Heights_159_178,matches_37_56,goals_0_1,y_card_0_2,not_Homegrown,Midfielder,Transfer_year_2016,Africa,no_participation,right
Age_16_21,Heights_178_183,matches_30_37,goals_1_5,y_card_5_18,not_Homegrown,Midfielder,Transfer_year_2016,Europe,no_participation,right
Age_25_28,Heights_183_188,matches_30_37,goals_0_1,y_card_2_5,Homegrown,Goalkeeper,Transfer_year_2016,Europe,no_participation,right
Age_23_25,Heights_159_178,matches_37_56,goals_0_1,y_card_2_5,not_Homegrown,Midfielder,Transfer_year_2016,Europe,no_participation,right
Age_23_25,Heights_159_178,matches_0_20,goals_0_1,y_card_0_2,Homegrown,Midfielder,Transfer_year_2016,Africa,champions_league,left
Age_23_25,Heights_159_178,matches_0_20,goals_5_36,y_card_0_2,not_Homegrown,Midfielder,Transfer_year_2016,Europe,no_participation,right
Age_25_28,Heights_183_188,matches_20_30,goals_0_1,y_card_0_2,not_Homegrown,Defender,Transfer_year_2016,Europe,no_participation,right
Age_25_28,Heights_178_183,matches_0_20,goals_0_1,y_card_0_2,not_Homegrown,Defender,Transfer_year_2016,Europe,champions_league,right
Age_21_23,Heights_183_188,matches_0_20,goals_0_1,y_card_0_2,Homegrown,Defender,Transfer_year_2016,North_America,no_participation,right
Age_21_23,Heights_183_188,matches_30_37,goals_1_5,y_card_5_18,not_Homegrown,Midfielder,Transfer_year_2016,Europe,champions_league,left
Age_23_25,Heights_183_188,matches_37_56,goals_1_5,y_card_5_18,not_Homegrown,Defender,Transfer_year_2016,Europe,Multiple,right
Age_25_28,Heights_178_183,matches_30_37,goals_5_36,y_card_2_5,not_Homegrown,Forward,Transfer_year_2016,Europe,no_participation,left
Age_16_21,Heights_159_178,matches_0_20,goals_1_5,y_card_0_2,not_Homegrown,Forward,Transfer_year_2016,Asia,no_participation,right
Age_16_21,Heights_188_206,matches_20_30,goals_0_1,y_card_2_5,Homegrown,Defender,Transfer_year_2016,Europe,no_participation,right
Age_16_21,Heights_159_178,matches_0_20,goals_0_1,y_card_0_2,Homegrown,Forward,Transfer_year_2016,Europe,no_participation,right
Age_21_23,Heights_159_178,matches_20_30,goals_1_5,y_card_2_5,not_Homegrown,Forward,Transfer_year_2016,South_America,no_participation,right
Age_25_28,Heights_183_188,matches_37_56,goals_0_1,y_card_2_5,not_Homegrown,Midfielder,Transfer_year_2016,Europe,no_participation,right
Age_21_23,Heights_183_188,matches_37_56,goals_5_36,y_card_2_5,not_Homegrown,Forward,Transfer_year_2016,Europe,europa_league,left
Age_23_25,Heights_183_188,matches_30_37,goals_0_1,y_card_5_18,not_Homegrown,Midfielder,Transfer_year_2016,Africa,no_participation,right
Age_16_21,Heights_159_178,matches_37_56,goals_5_36,y_card_0_2,not_Homegrown,Forward,Transfer_year_2016,Africa,europa_league,right
Age_23_25,Heights_159_178,matches_20_30,goals_1_5,y_card_2_5,Homegrown,Midfielder,Transfer_year_2016,Europe,europa_league,right
Age_25_28,Heights_183_188,matches_37_56,goals_5_36,y_card_0_2,not_Homegrown,Forward,Transfer_year_2016,Europe,europa_league,right
Age_21_23,Heights_159_178,matches_0_20,goals_0_1,y_card_0_2,Homegrown,Midfielder,Transfer_year_2016,Europe,no_participation,right
Age_21_23,Heights_159_178,matches_20_30,goals_0_1,y_card_0_2,not_Homegrown,Defender,Transfer_year_2016,North_America,no_participation,right
Age_23_25,Heights_159_178,matches_0_20,goals_0_1,y_card_0_2,Homegrown,Midfielder,Transfer_year_2016,Europe,no_participation,left
Age_21_23,Heights_183_188,matches_37_56,goals_0_1,y_card_2_5,Homegrown,Defender,Transfer_year_2016,Europe,no_participation,right
Age_16_21,Heights_178_183,matches_37_56,goals_5_36,y_card_2_5,not_Homegrown,Forward,Transfer_year_2016,Europe,europa_league,left
Age_16_21,Heights_159_178,matches_30_37,goals_5_36,y_card_5_18,not_Homegrown,Forward,Transfer_year_2016,South_America,no_participation,right
Age_23_25,Heights_178_183,matches_30_37,goals_1_5,y_card_0_2,not_Homegrown,Midfielder,Transfer_year_2016,Europe,europa_league,right
Age_28_36,Heights_159_178,matches_20_30,goals_5_36,y_card_5_18,not_Homegrown,Forward,Transfer_year_2016,Europe,no_participation,right
Age_28_36,Heights_183_188,matches_30_37,goals_0_1,y_card_0_2,not_Homegrown,Goalkeeper,Transfer_year_2016,South_America,no_participation,right
Age_16_21,Heights_159_178,matches_20_30,goals_1_5,y_card_0_2,not_Homegrown,Forward,Transfer_year_2016,South_America,no_participation,right
Age_23_25,Heights_188_206,matches_30_37,goals_0_1,y_card_2_5,not_Homegrown,Goalkeeper,Transfer_year_2016,South_America,no_participation,right
Age_16_21,Heights_159_178,matches_20_30,goals_1_5,y_card_2_5,not_Homegrown,Defender,Transfer_year_2016,Europe,no_participation,left
Age_21_23,Heights_188_206,matches_20_30,goals_0_1,y_card_5_18,not_Homegrown,Defender,Transfer_year_2016,Europe,no_participation,left
Age_25_28,Heights_178_183,matches_20_30,goals_5_36,y_card_2_5,not_Homegrown,Forward,Transfer_year_2016,Europe,champions_league,right
Age_28_36,Heights_188_206,matches_37_56,goals_5_36,y_card_2_5,not_Homegrown,Forward,Transfer_year_2016,Europe,champions_league,right
Age_23_25,Heights_188_206,matches_37_56,goals_1_5,y_card_5_18,not_Homegrown,Defender,Transfer_year_2016,Europe,no_participation,right
Age_21_23,Heights_188_206,matches_37_56,goals_5_36,y_card_5_18,Homegrown,Midfielder,Transfer_year_2016,Europe,champions_league,both
Age_25_28,Heights_159_178,matches_37_56,goals_5_36,y_card_5_18,not_Homegrown,Midfielder,Transfer_year_2016,Asia,europa_league,both
Age_21_23,Heights_183_188,matches_30_37,goals_0_1,y_card_5_18,not_Homegrown,Defender,Transfer_year_2016,Africa,europa_league,right
Age_25_28,Heights_183_188,matches_0_20,goals_0_1,y_card_0_2,not_Homegrown,Midfielder,Transfer_year_2016,Europe,europa_league,right
Age_21_23,Heights_159_178,matches_0_20,goals_0_1,y_card_0_2,not_Homegrown,Forward,Transfer_year_2016,Europe,europa_league,right
Age_16_21,Heights_188_206,matches_0_20,goals_0_1,y_card_0_2,Homegrown,Defender,Transfer_year_2016,Europe,europa_league,right
Age_21_23,Heights_178_183,matches_0_20,goals_0_1,y_card_0_2,Homegrown,Defender,Transfer_year_2016,Europe,europa_league,left
Age_21_23,Heights_183_188,matches_20_30,goals_1_5,y_card_2_5,Homegrown,Forward,Transfer_year_2016,Europe,no_participation,right
Age_21_23,Heights_159_178,matches_30_37,goals_5_36,y_card_5_18,not_Homegrown,Forward,Transfer_year_2016,Africa,no_participation,right
Age_23_25,Heights_183_188,matches_0_20,goals_1_5,y_card_0_2,not_Homegrown,Forward,Transfer_year_2016,Europe,champions_league,left
Age_16_21,Heights_183_188,matches_30_37,goals_0_1,y_card_5_18,not_Homegrown,Midfielder,Transfer_year_2016,Europe,europa_league,right
Age_21_23,Heights_159_178,matches_30_37,goals_5_36,y_card_0_2,Homegrown,Forward,Transfer_year_2016,Europe,no_participation,right
Age_25_28,Heights_188_206,matches_0_20,goals_0_1,y_card_0_2,Homegrown,Goalkeeper,Transfer_year_2016,Europe,no_participation,right
Age_23_25,Heights_159_178,matches_37_56,goals_5_36,y_card_5_18,not_Homegrown,Forward,Transfer_year_2016,Africa,no_participation,right
Age_28_36,Heights_188_206,matches_30_37,goals_5_36,y_card_5_18,not_Homegrown,Forward,Transfer_year_2016,Europe,no_participation,right
Age_28_36,Heights_188_206,matches_0_20,goals_0_1,y_card_0_2,not_Homegrown,Defender,Transfer_year_2016,Europe,no_participation,right
Age_21_23,Heights_159_178,matches_0_20,goals_0_1,y_card_0_2,not_Homegrown,Forward,Transfer_year_2016,Europe,no_participation,right
Age_25_28,Heights_159_178,matches_30_37,goals_5_36,y_card_2_5,not_Homegrown,Forward,Transfer_year_2016,Africa,no_participation,left
Age_21_23,Heights_159_178,matches_20_30,goals_5_36,y_card_2_5,not_Homegrown,Midfielder,Transfer_year_2016,South_America,no_participation,right
Age_28_36,Heights_178_183,matches_20_30,goals_5_36,y_card_2_5,not_Homegrown,Forward,Transfer_year_2016,Europe,no_participation,left
Age_21_23,Heights_178_183,matches_20_30,goals_0_1,y_card_5_18,not_Homegrown,Defender,Transfer_year_2016,Africa,Multiple,left
Age_16_21,Heights_183_188,matches_30_37,goals_0_1,y_card_5_18,not_Homegrown,Midfielder,Transfer_year_2016,Europe,europa_league,right
Age_28_36,Heights_159_178,matches_20_30,goals_1_5,y_card_0_2,not_Homegrown,Midfielder,Transfer_year_2016,Europe,no_participation,right
Age_25_28,Heights_188_206,matches_20_30,goals_0_1,y_card_2_5,Homegrown,Defender,Transfer_year_2016,Europe,no_participation,right
Age_23_25,Heights_159_178,matches_37_56,goals_5_36,y_card_0_2,not_Homegrown,Midfielder,Transfer_year_2016,Europe,no_participation,right
Age_21_23,Heights_188_206,matches_30_37,goals_0_1,y_card_0_2,not_Homegrown,Goalkeeper,Transfer_year_2016,Europe,no_participation,right
Age_28_36,Heights_183_188,matches_37_56,goals_0_1,y_card_0_2,not_Homegrown,Defender,Transfer_year_2016,Europe,europa_league,left
Age_23_25,Heights_188_206,matches_37_56,goals_5_36,y_card_2_5,not_Homegrown,Forward,Transfer_year_2016,Europe,europa_league,right
Age_16_21,Heights_159_178,matches_37_56,goals_1_5,y_card_0_2,Homegrown,Forward,Transfer_year_2016,Europe,europa_league,right
Age_25_28,Heights_159_178,matches_30_37,goals_1_5,y_card_2_5,Homegrown,Midfielder,Transfer_year_2016,Europe,europa_league,right
Age_21_23,Heights_178_183,matches_30_37,goals_5_36,y_card_2_5,not_Homegrown,Midfielder,Transfer_year_2016,Europe,no_participation,right
Age_28_36,Heights_188_206,matches_20_30,goals_0_1,y_card_5_18,not_Homegrown,Defender,Transfer_year_2016,Europe,europa_league,right
Age_21_23,Heights_188_206,matches_0_20,goals_0_1,y_card_0_2,not_Homegrown,Defender,Transfer_year_2016,Europe,no_participation,right
Age_21_23,Heights_159_178,matches_0_20,goals_0_1,y_card_2_5,Homegrown,Defender,Transfer_year_2016,Oceania,europa_league,left
Age_21_23,Heights_188_206,matches_30_37,goals_0_1,y_card_2_5,Homegrown,Goalkeeper,Transfer_year_2016,South_America,no_participation,left
Age_21_23,Heights_178_183,matches_0_20,goals_0_1,y_card_0_2,Homegrown,Forward,Transfer_year_2016,Africa,no_participation,right
Age_16_21,Heights_188_206,matches_0_20,goals_0_1,y_card_0_2,Homegrown,Defender,Transfer_year_2016,Europe,no_participation,left
Age_25_28,Heights_183_188,matches_0_20,goals_0_1,y_card_0_2,Homegrown,Defender,Transfer_year_2016,Europe,no_participation,both
Age_21_23,Heights_183_188,matches_37_56,goals_5_36,y_card_5_18,not_Homegrown,Forward,Transfer_year_2016,Europe,europa_league,right
Age_28_36,Heights_188_206,matches_37_56,goals_1_5,y_card_5_18,not_Homegrown,Defender,Transfer_year_2016,South_America,champions_league,right
Age_23_25,Heights_183_188,matches_37_56,goals_1_5,y_card_5_18,Homegrown,Defender,Transfer_year_2016,Europe,europa_league,left
Age_23_25,Heights_159_178,matches_37_56,goals_5_36,y_card_2_5,not_Homegrown,Forward,Transfer_year_2016,Africa,champions_league,left
Age_25_28,Heights_188_206,matches_0_20,goals_1_5,y_card_5_18,not_Homegrown,Defender,Transfer_year_2016,Africa,no_participation,left
Age_21_23,Heights_183_188,matches_0_20,goals_0_1,y_card_0_2,Homegrown,Forward,Transfer_year_2016,Europe,no_participation,left
Age_16_21,Heights_188_206,matches_0_20,goals_1_5,y_card_0_2,not_Homegrown,Forward,Transfer_year_2016,Europe,no_participation,right
Age_25_28,Heights_159_178,matches_20_30,goals_1_5,y_card_2_5,not_Homegrown,Midfielder,Transfer_year_2016,Europe,no_participation,right
Age_25_28,Heights_183_188,matches_30_37,goals_5_36,y_card_2_5,Homegrown,Forward,Transfer_year_2016,Africa,no_participation,right
Age_28_36,Heights_178_183,matches_30_37,goals_1_5,y_card_5_18,Homegrown,Defender,Transfer_year_2016,Europe,no_participation,right
Age_16_21,Heights_159_178,matches_20_30,goals_5_36,y_card_2_5,Homegrown,Forward,Transfer_year_2016,Africa,no_participation,right
Age_25_28,Heights_159_178,matches_37_56,goals_0_1,y_card_5_18,not_Homegrown,Midfielder,Transfer_year_2016,Africa,no_participation,right
Age_16_21,Heights_188_206,matches_30_37,goals_5_36,y_card_2_5,Homegrown,Forward,Transfer_year_2016,Europe,no_participation,right
Age_28_36,Heights_188_206,matches_20_30,goals_0_1,y_card_0_2,not_Homegrown,Goalkeeper,Transfer_year_2016,Europe,no_participation,right
Age_28_36,Heights_178_183,matches_0_20,goals_0_1,y_card_0_2,Homegrown,Midfielder,Transfer_year_2016,Europe,no_participation,right
Age_25_28,Heights_159_178,matches_0_20,goals_0_1,y_card_2_5,not_Homegrown,Defender,Transfer_year_2016,North_America,no_participation,left
Age_21_23,Heights_183_188,matches_37_56,goals_5_36,y_card_2_5,not_Homegrown,Forward,Transfer_year_2016,Europe,no_participation,right
Age_28_36,Heights_188_206,matches_30_37,goals_5_36,y_card_2_5,not_Homegrown,Forward,Transfer_year_2016,Europe,Multiple,right
Age_21_23,Heights_188_206,matches_37_56,goals_5_36,y_card_2_5,Homegrown,Defender,Transfer_year_2016,Europe,no_participation,right
Age_23_25,Heights_178_183,matches_20_30,goals_1_5,y_card_5_18,not_Homegrown,Forward,Transfer_year_2016,Africa,no_participation,right
Age_25_28,Heights_183_188,matches_20_30,goals_1_5,y_card_2_5,not_Homegrown,Midfielder,Transfer_year_2016,Europe,no_participation,right
Age_25_28,Heights_159_178,matches_0_20,goals_0_1,y_card_2_5,Homegrown,Defender,Transfer_year_2016,Europe,no_participation,left
Age_25_28,Heights_159_178,matches_0_20,goals_1_5,y_card_0_2,not_Homegrown,Forward,Transfer_year_2016,Europe,champions_league,right
Age_21_23,Heights_188_206,matches_0_20,goals_1_5,y_card_0_2,not_Homegrown,Defender,Transfer_year_2016,Europe,europa_league,right
Age_25_28,Heights_178_183,matches_30_37,goals_5_36,y_card_2_5,not_Homegrown,Forward,Transfer_year_2016,Europe,no_participation,right
Age_25_28,Heights_188_206,matches_20_30,goals_5_36,y_card_0_2,not_Homegrown,Forward,Transfer_year_2016,Europe,no_participation,both
Age_16_21,Heights_178_183,matches_30_37,goals_5_36,y_card_5_18,not_Homegrown,Forward,Transfer_year_2016,Africa,no_participation,right
Age_23_25,Heights_178_183,matches_0_20,goals_0_1,y_card_0_2,not_Homegrown,Midfielder,Transfer_year_2016,South_America,champions_league,both
Age_25_28,Heights_159_178,matches_37_56,goals_5_36,y_card_5_18,not_Homegrown,Midfielder,Transfer_year_2016,Europe,champions_league,right
Age_25_28,Heights_183_188,matches_30_37,goals_1_5,y_card_5_18,not_Homegrown,Defender,Transfer_year_2016,Europe,no_participation,right
Age_23_25,Heights_183_188,matches_37_56,goals_1_5,y_card_2_5,not_Homegrown,Defender,Transfer_year_2016,Europe,no_participation,right
Age_25_28,Heights_183_188,matches_37_56,goals_5_36,y_card_2_5,not_Homegrown,Forward,Transfer_year_2016,Europe,europa_league,right
Age_28_36,Heights_188_206,matches_20_30,goals_0_1,y_card_2_5,not_Homegrown,Defender,Transfer_year_2016,Europe,no_participation,right
Age_23_25,Heights_159_178,matches_20_30,goals_0_1,y_card_0_2,not_Homegrown,Midfielder,Transfer_year_2016,Africa,europa_league,right
Age_28_36,Heights_159_178,matches_0_20,goals_1_5,y_card_0_2,not_Homegrown,Forward,Transfer_year_2016,South_America,europa_league,right
Age_23_25,Heights_178_183,matches_30_37,goals_5_36,y_card_0_2,not_Homegrown,Forward,Transfer_year_2016,Europe,no_participation,right
Age_25_28,Heights_178_183,matches_37_56,goals_5_36,y_card_5_18,not_Homegrown,Defender,Transfer_year_2016,North_America,Multiple,right
Age_28_36,Heights_159_178,matches_0_20,goals_0_1,y_card_0_2,not_Homegrown,Midfielder,Transfer_year_2016,Africa,no_participation,right
Age_25_28,Heights_159_178,matches_30_37,goals_0_1,y_card_0_2,Homegrown,Midfielder,Transfer_year_2016,Europe,no_participation,both
Age_25_28,Heights_188_206,matches_30_37,goals_0_1,y_card_5_18,not_Homegrown,Defender,Transfer_year_2016,Africa,no_participation,right
Age_28_36,Heights_178_183,matches_37_56,goals_1_5,y_card_2_5,not_Homegrown,Midfielder,Transfer_year_2016,Europe,no_participation,right
Age_25_28,Heights_178_183,matches_20_30,goals_0_1,y_card_2_5,Homegrown,Midfielder,Transfer_year_2016,Europe,no_participation,right
Age_23_25,Heights_178_183,matches_37_56,goals_5_36,y_card_2_5,Homegrown,Forward,Transfer_year_2016,Europe,no_participation,right
Age_25_28,Heights_159_178,matches_0_20,goals_0_1,y_card_2_5,Homegrown,Defender,Transfer_year_2016,Europe,no_participation,right
Age_28_36,Heights_183_188,matches_20_30,goals_0_1,y_card_0_2,Homegrown,Forward,Transfer_year_2016,Europe,no_participation,right
Age_25_28,Heights_159_178,matches_0_20,goals_0_1,y_card_0_2,not_Homegrown,Defender,Transfer_year_2016,North_America,no_participation,right
Age_23_25,Heights_178_183,matches_0_20,goals_1_5,y_card_0_2,Homegrown,Forward,Transfer_year_2016,Europe,europa_league,left
Age_23_25,Heights_183_188,matches_20_30,goals_5_36,y_card_5_18,not_Homegrown,Midfielder,Transfer_year_2016,Europe,europa_league,right
Age_25_28,Heights_159_178,matches_20_30,goals_1_5,y_card_0_2,Homegrown,Defender,Transfer_year_2016,Europe,no_participation,left
Age_25_28,Heights_159_178,matches_0_20,goals_5_36,y_card_2_5,Homegrown,Forward,Transfer_year_2016,Europe,no_participation,right
Age_28_36,Heights_183_188,matches_30_37,goals_0_1,y_card_5_18,not_Homegrown,Midfielder,Transfer_year_2016,Oceania,no_participation,right
Age_16_21,Heights_159_178,matches_37_56,goals_1_5,y_card_5_18,Homegrown,Midfielder,Transfer_year_2016,Europe,no_participation,right
Age_16_21,Heights_183_188,matches_20_30,goals_5_36,y_card_0_2,not_Homegrown,Forward,Transfer_year_2016,Europe,no_participation,right
Age_16_21,Heights_188_206,matches_0_20,goals_0_1,y_card_0_2,Homegrown,Goalkeeper,Transfer_year_2016,Europe,no_participation,right
Age_25_28,Heights_159_178,matches_37_56,goals_1_5,y_card_2_5,Homegrown,Midfielder,Transfer_year_2016,Europe,no_participation,left
Age_25_28,Heights_183_188,matches_0_20,goals_0_1,y_card_0_2,Homegrown,Defender,Transfer_year_2016,Europe,no_participation,right
Age_25_28,Heights_178_183,matches_20_30,goals_5_36,y_card_2_5,Homegrown,Forward,Transfer_year_2016,Europe,no_participation,right
Age_25_28,Heights_159_178,matches_0_20,goals_0_1,y_card_2_5,Homegrown,Midfielder,Transfer_year_2016,Europe,no_participation,right
Age_25_28,Heights_178_183,matches_0_20,goals_0_1,y_card_0_2,Homegrown,Midfielder,Transfer_year_2016,Europe,no_participation,right
Age_21_23,Heights_178_183,matches_37_56,goals_1_5,y_card_5_18,not_Homegrown,Midfielder,Transfer_year_2016,Africa,no_participation,right
Age_23_25,Heights_188_206,matches_20_30,goals_0_1,y_card_0_2,not_Homegrown,Goalkeeper,Transfer_year_2016,Europe,no_participation,left
Age_28_36,Heights_159_178,matches_20_30,goals_5_36,y_card_5_18,not_Homegrown,Midfielder,Transfer_year_2016,Europe,no_participation,right
Age_25_28,Heights_188_206,matches_20_30,goals_0_1,y_card_5_18,not_Homegrown,Defender,Transfer_year_2016,South_America,no_participation,right
Age_23_25,Heights_159_178,matches_20_30,goals_1_5,y_card_2_5,Homegrown,Midfielder,Transfer_year_2016,Europe,no_participation,left
Age_23_25,Heights_183_188,matches_30_37,goals_1_5,y_card_2_5,Homegrown,Midfielder,Transfer_year_2016,Europe,no_participation,right
Age_25_28,Heights_159_178,matches_37_56,goals_1_5,y_card_5_18,not_Homegrown,Midfielder,Transfer_year_2016,Europe,europa_league,right
Age_25_28,Heights_159_178,matches_20_30,goals_0_1,y_card_2_5,Homegrown,Midfielder,Transfer_year_2016,Europe,no_participation,right
Age_23_25,Heights_183_188,matches_37_56,goals_5_36,y_card_2_5,not_Homegrown,Forward,Transfer_year_2016,Europe,no_participation,left
Age_23_25,Heights_188_206,matches_20_30,goals_0_1,y_card_0_2,Homegrown,Goalkeeper,Transfer_year_2016,Europe,no_participation,right
Age_25_28,Heights_183_188,matches_0_20,goals_0_1,y_card_0_2,Homegrown,Forward,Transfer_year_2016,Europe,no_participation,left
Age_23_25,Heights_183_188,matches_30_37,goals_1_5,y_card_5_18,not_Homegrown,Midfielder,Transfer_year_2016,Europe,no_participation,right
Age_16_21,Heights_159_178,matches_0_20,goals_0_1,y_card_0_2,not_Homegrown,Forward,Transfer_year_2016,Europe,no_participation,right
Age_25_28,Heights_188_206,matches_0_20,goals_1_5,y_card_2_5,not_Homegrown,Forward,Transfer_year_2016,Africa,no_participation,right
Age_21_23,Heights_178_183,matches_37_56,goals_5_36,y_card_0_2,not_Homegrown,Forward,Transfer_year_2016,Europe,europa_league,right
Age_28_36,Heights_183_188,matches_30_37,goals_0_1,y_card_5_18,not_Homegrown,Defender,Transfer_year_2016,Europe,Multiple,right
Age_25_28,Heights_159_178,matches_20_30,goals_0_1,y_card_5_18,Homegrown,Defender,Transfer_year_2016,South_America,no_participation,right
Age_21_23,Heights_183_188,matches_37_56,goals_1_5,y_card_0_2,Homegrown,Midfielder,Transfer_year_2016,Europe,no_participation,left
Age_25_28,Heights_183_188,matches_37_56,goals_5_36,y_card_0_2,Homegrown,Forward,Transfer_year_2016,Africa,no_participation,right
Age_28_36,Heights_178_183,matches_0_20,goals_0_1,y_card_0_2,Homegrown,Forward,Transfer_year_2016,Europe,no_participation,right
Age_25_28,Heights_178_183,matches_0_20,goals_0_1,y_card_0_2,not_Homegrown,Forward,Transfer_year_2016,Africa,no_participation,right
Age_23_25,Heights_188_206,matches_37_56,goals_5_36,y_card_5_18,not_Homegrown,Forward,Transfer_year_2017,Europe,champions_league,right
Age_21_23,Heights_188_206,matches_37_56,goals_1_5,y_card_2_5,not_Homegrown,Midfielder,Transfer_year_2017,Europe,champions_league,right
Age_25_28,Heights_159_178,matches_37_56,goals_0_1,y_card_5_18,Homegrown,Midfielder,Transfer_year_2017,Europe,champions_league,right
Age_23_25,Heights_188_206,matches_30_37,goals_0_1,y_card_5_18,not_Homegrown,Defender,Transfer_year_2017,Europe,europa_league,right
Age_23_25,Heights_178_183,matches_20_30,goals_0_1,y_card_0_2,not_Homegrown,Midfielder,Transfer_year_2017,Europe,no_participation,right
Age_21_23,Heights_159_178,matches_0_20,goals_0_1,y_card_0_2,not_Homegrown,Defender,Transfer_year_2017,Europe,no_participation,left
Age_28_36,Heights_188_206,matches_20_30,goals_5_36,y_card_0_2,not_Homegrown,Forward,Transfer_year_2017,Europe,europa_league,left
Age_23_25,Heights_188_206,matches_0_20,goals_0_1,y_card_0_2,Homegrown,Midfielder,Transfer_year_2017,Europe,no_participation,right
Age_25_28,Heights_188_206,matches_37_56,goals_1_5,y_card_2_5,not_Homegrown,Midfielder,Transfer_year_2017,Europe,no_participation,left
Age_21_23,Heights_178_183,matches_0_20,goals_1_5,y_card_0_2,Homegrown,Defender,Transfer_year_2017,Europe,no_participation,left
Age_28_36,Heights_159_178,matches_37_56,goals_1_5,y_card_5_18,not_Homegrown,Midfielder,Transfer_year_2017,South_America,champions_league,right
Age_28_36,Heights_188_206,matches_0_20,goals_0_1,y_card_0_2,Homegrown,Goalkeeper,Transfer_year_2017,Europe,no_participation,right
Age_16_21,Heights_178_183,matches_30_37,goals_5_36,y_card_5_18,not_Homegrown,Forward,Transfer_year_2017,Africa,europa_league,left
Age_23_25,Heights_159_178,matches_30_37,goals_1_5,y_card_0_2,not_Homegrown,Forward,Transfer_year_2017,Africa,no_participation,left
Age_21_23,Heights_183_188,matches_0_20,goals_0_1,y_card_2_5,Homegrown,Midfielder,Transfer_year_2017,Europe,no_participation,right
Age_16_21,Heights_183_188,matches_37_56,goals_5_36,y_card_5_18,not_Homegrown,Defender,Transfer_year_2017,South_America,europa_league,right
Age_23_25,Heights_159_178,matches_0_20,goals_0_1,y_card_0_2,not_Homegrown,Forward,Transfer_year_2017,South_America,no_participation,right
Age_23_25,Heights_159_178,matches_30_37,goals_0_1,y_card_5_18,not_Homegrown,Defender,Transfer_year_2017,Africa,champions_league,right
Age_28_36,Heights_188_206,matches_30_37,goals_5_36,y_card_0_2,not_Homegrown,Forward,Transfer_year_2017,Europe,no_participation,right
Age_16_21,Heights_183_188,matches_0_20,goals_0_1,y_card_0_2,not_Homegrown,Defender,Transfer_year_2017,South_America,no_participation,right
Age_25_28,Heights_178_183,matches_37_56,goals_0_1,y_card_5_18,Homegrown,Defender,Transfer_year_2017,Europe,Multiple,right
Age_23_25,Heights_183_188,matches_0_20,goals_0_1,y_card_2_5,not_Homegrown,Defender,Transfer_year_2017,Europe,champions_league,left
Age_21_23,Heights_183_188,matches_37_56,goals_5_36,y_card_5_18,Homegrown,Midfielder,Transfer_year_2017,Africa,europa_league,left
Age_21_23,Heights_159_178,matches_20_30,goals_1_5,y_card_0_2,not_Homegrown,Forward,Transfer_year_2017,Africa,no_participation,right
Age_28_36,Heights_188_206,matches_37_56,goals_1_5,y_card_2_5,not_Homegrown,Defender,Transfer_year_2017,South_America,europa_league,right
Age_21_23,Heights_188_206,matches_20_30,goals_0_1,y_card_5_18,not_Homegrown,Defender,Transfer_year_2017,Europe,europa_league,left
Age_21_23,Heights_183_188,matches_30_37,goals_0_1,y_card_5_18,not_Homegrown,Defender,Transfer_year_2017,Europe,champions_league,left
Age_21_23,Heights_159_178,matches_37_56,goals_5_36,y_card_2_5,not_Homegrown,Midfielder,Transfer_year_2017,Europe,champions_league,left
Age_21_23,Heights_183_188,matches_30_37,goals_0_1,y_card_2_5,not_Homegrown,Goalkeeper,Transfer_year_2017,South_America,champions_league,left
Age_25_28,Heights_183_188,matches_20_30,goals_0_1,y_card_2_5,not_Homegrown,Defender,Transfer_year_2017,South_America,champions_league,right
Age_16_21,Heights_159_178,matches_30_37,goals_5_36,y_card_2_5,Homegrown,Forward,Transfer_year_2017,Europe,no_participation,left
Age_23_25,Heights_159_178,matches_37_56,goals_5_36,y_card_5_18,not_Homegrown,Forward,Transfer_year_2017,Africa,europa_league,right
Age_16_21,Heights_183_188,matches_20_30,goals_5_36,y_card_0_2,Homegrown,Forward,Transfer_year_2017,Africa,champions_league,left
Age_16_21,Heights_183_188,matches_30_37,goals_5_36,y_card_0_2,not_Homegrown,Forward,Transfer_year_2017,Asia,no_participation,right
Age_25_28,Heights_178_183,matches_0_20,goals_1_5,y_card_0_2,not_Homegrown,Forward,Transfer_year_2017,Africa,no_participation,right
Age_25_28,Heights_159_178,matches_37_56,goals_1_5,y_card_5_18,not_Homegrown,Midfielder,Transfer_year_2017,Oceania,no_participation,right
Age_28_36,Heights_159_178,matches_20_30,goals_1_5,y_card_2_5,not_Homegrown,Forward,Transfer_year_2017,Europe,champions_league,right
Age_28_36,Heights_178_183,matches_20_30,goals_0_1,y_card_2_5,not_Homegrown,Midfielder,Transfer_year_2017,South_America,champions_league,right
Age_28_36,Heights_183_188,matches_37_56,goals_0_1,y_card_5_18,not_Homegrown,Defender,Transfer_year_2017,Europe,champions_league,left
Age_28_36,Heights_159_178,matches_30_37,goals_1_5,y_card_5_18,not_Homegrown,Midfielder,Transfer_year_2017,Europe,champions_league,right
Age_23_25,Heights_183_188,matches_0_20,goals_1_5,y_card_0_2,not_Homegrown,Forward,Transfer_year_2017,Europe,no_participation,right
Age_23_25,Heights_178_183,matches_20_30,goals_0_1,y_card_5_18,not_Homegrown,Midfielder,Transfer_year_2017,South_America,no_participation,right
Age_25_28,Heights_188_206,matches_0_20,goals_0_1,y_card_0_2,not_Homegrown,Defender,Transfer_year_2017,Europe,champions_league,right
Age_23_25,Heights_159_178,matches_37_56,goals_5_36,y_card_0_2,not_Homegrown,Forward,Transfer_year_2017,Africa,europa_league,left
Age_23_25,Heights_178_183,matches_37_56,goals_5_36,y_card_0_2,Homegrown,Midfielder,Transfer_year_2017,Europe,champions_league,right
Age_21_23,Heights_159_178,matches_37_56,goals_0_1,y_card_5_18,not_Homegrown,Defender,Transfer_year_2017,Europe,no_participation,left
Age_23_25,Heights_159_178,matches_0_20,goals_5_36,y_card_0_2,not_Homegrown,Midfielder,Transfer_year_2017,South_America,champions_league,right
Age_25_28,Heights_183_188,matches_0_20,goals_0_1,y_card_0_2,not_Homegrown,Defender,Transfer_year_2017,Europe,no_participation,left
Age_28_36,Heights_178_183,matches_30_37,goals_0_1,y_card_2_5,not_Homegrown,Midfielder,Transfer_year_2017,South_America,no_participation,right
Age_23_25,Heights_183_188,matches_20_30,goals_0_1,y_card_0_2,Homegrown,Defender,Transfer_year_2017,Europe,europa_league,right
Age_25_28,Heights_183_188,matches_20_30,goals_5_36,y_card_0_2,not_Homegrown,Forward,Transfer_year_2017,Africa,champions_league,right
Age_25_28,Heights_159_178,matches_37_56,goals_5_36,y_card_5_18,not_Homegrown,Forward,Transfer_year_2017,Europe,Multiple,right
Age_28_36,Heights_159_178,matches_20_30,goals_1_5,y_card_0_2,not_Homegrown,Midfielder,Transfer_year_2017,Asia,champions_league,both
Age_16_21,Heights_188_206,matches_0_20,goals_1_5,y_card_5_18,not_Homegrown,Defender,Transfer_year_2017,Europe,no_participation,right
Age_28_36,Heights_159_178,matches_20_30,goals_5_36,y_card_2_5,not_Homegrown,Forward,Transfer_year_2017,South_America,europa_league,right
Age_25_28,Heights_159_178,matches_0_20,goals_1_5,y_card_0_2,Homegrown,Forward,Transfer_year_2017,Europe,europa_league,both
Age_25_28,Heights_188_206,matches_37_56,goals_0_1,y_card_0_2,Homegrown,Goalkeeper,Transfer_year_2017,Europe,no_participation,right
Age_25_28,Heights_159_178,matches_0_20,goals_0_1,y_card_0_2,Homegrown,Midfielder,Transfer_year_2017,Europe,europa_league,right
Age_25_28,Heights_183_188,matches_20_30,goals_0_1,y_card_5_18,not_Homegrown,Defender,Transfer_year_2017,South_America,champions_league,right
Age_25_28,Heights_178_183,matches_20_30,goals_0_1,y_card_2_5,Homegrown,Defender,Transfer_year_2017,Europe,champions_league,left
Age_23_25,Heights_188_206,matches_37_56,goals_5_36,y_card_2_5,not_Homegrown,Forward,Transfer_year_2017,Europe,no_participation,left
Age_21_23,Heights_183_188,matches_37_56,goals_0_1,y_card_0_2,not_Homegrown,Defender,Transfer_year_2017,Europe,champions_league,right
Age_21_23,Heights_183_188,matches_20_30,goals_1_5,y_card_2_5,Homegrown,Forward,Transfer_year_2017,Europe,no_participation,left
Age_25_28,Heights_183_188,matches_37_56,goals_5_36,y_card_0_2,Homegrown,Midfielder,Transfer_year_2017,Europe,no_participation,right
Age_21_23,Heights_183_188,matches_30_37,goals_0_1,y_card_0_2,Homegrown,Goalkeeper,Transfer_year_2017,Europe,no_participation,left
Age_23_25,Heights_183_188,matches_37_56,goals_1_5,y_card_2_5,Homegrown,Defender,Transfer_year_2017,Europe,no_participation,right
Age_23_25,Heights_178_183,matches_37_56,goals_5_36,y_card_5_18,not_Homegrown,Midfielder,Transfer_year_2017,Europe,europa_league,right
Age_25_28,Heights_178_183,matches_20_30,goals_5_36,y_card_0_2,not_Homegrown,Forward,Transfer_year_2017,Asia,champions_league,right
Age_16_21,Heights_178_183,matches_20_30,goals_1_5,y_card_0_2,not_Homegrown,Midfielder,Transfer_year_2017,Europe,no_participation,right
Age_16_21,Heights_159_178,matches_37_56,goals_5_36,y_card_2_5,not_Homegrown,Forward,Transfer_year_2017,Africa,no_participation,right
Age_16_21,Heights_159_178,matches_30_37,goals_5_36,y_card_2_5,not_Homegrown,Forward,Transfer_year_2017,Europe,no_participation,right
Age_21_23,Heights_159_178,matches_30_37,goals_1_5,y_card_2_5,not_Homegrown,Forward,Transfer_year_2017,Europe,no_participation,right
Age_25_28,Heights_159_178,matches_20_30,goals_0_1,y_card_2_5,Homegrown,Midfielder,Transfer_year_2017,Europe,no_participation,right
Age_28_36,Heights_159_178,matches_0_20,goals_0_1,y_card_0_2,Homegrown,Forward,Transfer_year_2017,Europe,europa_league,right
Age_28_36,Heights_183_188,matches_30_37,goals_1_5,y_card_5_18,Homegrown,Midfielder,Transfer_year_2017,Europe,no_participation,left
Age_28_36,Heights_178_183,matches_30_37,goals_5_36,y_card_5_18,not_Homegrown,Forward,Transfer_year_2017,Europe,no_participation,both
Age_25_28,Heights_183_188,matches_20_30,goals_5_36,y_card_0_2,not_Homegrown,Forward,Transfer_year_2017,South_America,champions_league,right
Age_21_23,Heights_183_188,matches_20_30,goals_0_1,y_card_2_5,not_Homegrown,Midfielder,Transfer_year_2017,Africa,champions_league,right
Age_21_23,Heights_188_206,matches_20_30,goals_1_5,y_card_5_18,not_Homegrown,Defender,Transfer_year_2017,Europe,no_participation,left
Age_16_21,Heights_188_206,matches_20_30,goals_0_1,y_card_5_18,not_Homegrown,Defender,Transfer_year_2017,Europe,no_participation,right
Age_25_28,Heights_183_188,matches_30_37,goals_5_36,y_card_0_2,Homegrown,Forward,Transfer_year_2017,Europe,europa_league,right
Age_16_21,Heights_183_188,matches_30_37,goals_1_5,y_card_0_2,Homegrown,Forward,Transfer_year_2017,Europe,no_participation,right
Age_16_21,Heights_183_188,matches_0_20,goals_0_1,y_card_2_5,not_Homegrown,Forward,Transfer_year_2017,Asia,no_participation,right
Age_28_36,Heights_159_178,matches_20_30,goals_1_5,y_card_2_5,Homegrown,Midfielder,Transfer_year_2017,Europe,no_participation,right
Age_25_28,Heights_188_206,matches_30_37,goals_5_36,y_card_5_18,not_Homegrown,Forward,Transfer_year_2017,Europe,no_participation,both
Age_28_36,Heights_159_178,matches_30_37,goals_5_36,y_card_2_5,not_Homegrown,Forward,Transfer_year_2017,North_America,champions_league,right
Age_23_25,Heights_178_183,matches_20_30,goals_5_36,y_card_5_18,Homegrown,Forward,Transfer_year_2017,Europe,no_participation,right
Age_16_21,Heights_159_178,matches_0_20,goals_1_5,y_card_0_2,not_Homegrown,Forward,Transfer_year_2017,Europe,no_participation,right
Age_25_28,Heights_159_178,matches_20_30,goals_5_36,y_card_0_2,not_Homegrown,Forward,Transfer_year_2017,Africa,no_participation,left
Age_25_28,Heights_183_188,matches_0_20,goals_0_1,y_card_0_2,not_Homegrown,Midfielder,Transfer_year_2017,Europe,no_participation,right
Age_16_21,Heights_183_188,matches_0_20,goals_0_1,y_card_0_2,Homegrown,Forward,Transfer_year_2017,Europe,no_participation,right
Age_28_36,Heights_183_188,matches_20_30,goals_0_1,y_card_0_2,Homegrown,Goalkeeper,Transfer_year_2017,Europe,no_participation,right
Age_25_28,Heights_159_178,matches_20_30,goals_1_5,y_card_0_2,not_Homegrown,Forward,Transfer_year_2017,South_America,no_participation,right
Age_25_28,Heights_178_183,matches_0_20,goals_1_5,y_card_0_2,not_Homegrown,Forward,Transfer_year_2017,Africa,no_participation,right
Age_25_28,Heights_159_178,matches_20_30,goals_1_5,y_card_0_2,not_Homegrown,Midfielder,Transfer_year_2017,Africa,no_participation,right
Age_25_28,Heights_159_178,matches_30_37,goals_1_5,y_card_5_18,not_Homegrown,Midfielder,Transfer_year_2017,Europe,champions_league,right
Age_28_36,Heights_188_206,matches_37_56,goals_5_36,y_card_5_18,not_Homegrown,Midfielder,Transfer_year_2017,Europe,champions_league,right
Age_23_25,Heights_188_206,matches_30_37,goals_1_5,y_card_5_18,Homegrown,Defender,Transfer_year_2017,Europe,no_participation,right
Age_28_36,Heights_188_206,matches_20_30,goals_0_1,y_card_0_2,not_Homegrown,Goalkeeper,Transfer_year_2017,Europe,no_participation,right
Age_21_23,Heights_159_178,matches_37_56,goals_5_36,y_card_5_18,Homegrown,Midfielder,Transfer_year_2017,Europe,no_participation,right
Age_25_28,Heights_183_188,matches_0_20,goals_0_1,y_card_0_2,Homegrown,Goalkeeper,Transfer_year_2017,Europe,champions_league,right
Age_25_28,Heights_178_183,matches_0_20,goals_1_5,y_card_2_5,not_Homegrown,Midfielder,Transfer_year_2017,Africa,no_participation,right
Age_23_25,Heights_183_188,matches_30_37,goals_0_1,y_card_5_18,not_Homegrown,Defender,Transfer_year_2017,Europe,no_participation,left
Age_23_25,Heights_178_183,matches_0_20,goals_0_1,y_card_2_5,not_Homegrown,Defender,Transfer_year_2017,Europe,no_participation,right
Age_25_28,Heights_188_206,matches_20_30,goals_5_36,y_card_5_18,not_Homegrown,Forward,Transfer_year_2017,Europe,no_participation,right
Age_28_36,Heights_178_183,matches_20_30,goals_1_5,y_card_0_2,Homegrown,Forward,Transfer_year_2017,Europe,no_participation,right
Age_28_36,Heights_178_183,matches_30_37,goals_0_1,y_card_2_5,Homegrown,Midfielder,Transfer_year_2017,Europe,no_participation,right
Age_28_36,Heights_178_183,matches_0_20,goals_0_1,y_card_5_18,Homegrown,Defender,Transfer_year_2017,Europe,no_participation,right
Age_21_23,Heights_188_206,matches_0_20,goals_5_36,y_card_2_5,not_Homegrown,Forward,Transfer_year_2017,Europe,no_participation,left
Age_16_21,Heights_178_183,matches_20_30,goals_0_1,y_card_0_2,not_Homegrown,Midfielder,Transfer_year_2017,Europe,europa_league,left
Age_21_23,Heights_188_206,matches_0_20,goals_0_1,y_card_2_5,not_Homegrown,Defender,Transfer_year_2017,Europe,no_participation,left
Age_28_36,Heights_183_188,matches_0_20,goals_0_1,y_card_0_2,not_Homegrown,Goalkeeper,Transfer_year_2017,Europe,no_participation,right
Age_25_28,Heights_159_178,matches_37_56,goals_1_5,y_card_5_18,Homegrown,Midfielder,Transfer_year_2017,Europe,no_participation,left
Age_25_28,Heights_159_178,matches_30_37,goals_0_1,y_card_5_18,not_Homegrown,Midfielder,Transfer_year_2017,Europe,no_participation,right
Age_16_21,Heights_183_188,matches_0_20,goals_0_1,y_card_0_2,Homegrown,Defender,Transfer_year_2017,Europe,no_participation,left
Age_25_28,Heights_183_188,matches_30_37,goals_0_1,y_card_5_18,Homegrown,Midfielder,Transfer_year_2017,Europe,no_participation,right
Age_21_23,Heights_159_178,matches_0_20,goals_0_1,y_card_0_2,not_Homegrown,Defender,Transfer_year_2017,Europe,no_participation,left
Age_28_36,Heights_183_188,matches_30_37,goals_5_36,y_card_5_18,not_Homegrown,Forward,Transfer_year_2017,Europe,no_participation,right
Age_23_25,Heights_159_178,matches_20_30,goals_0_1,y_card_0_2,not_Homegrown,Forward,Transfer_year_2017,Africa,no_participation,left
Age_23_25,Heights_188_206,matches_37_56,goals_5_36,y_card_0_2,Homegrown,Forward,Transfer_year_2017,Oceania,no_participation,right
Age_25_28,Heights_159_178,matches_37_56,goals_5_36,y_card_2_5,not_Homegrown,Forward,Transfer_year_2017,North_America,no_participation,right
Age_25_28,Heights_159_178,matches_30_37,goals_5_36,y_card_0_2,Homegrown,Forward,Transfer_year_2017,North_America,no_participation,right
Age_23_25,Heights_183_188,matches_0_20,goals_0_1,y_card_0_2,Homegrown,Defender,Transfer_year_2017,Africa,no_participation,right
Age_16_21,Heights_183_188,matches_0_20,goals_5_36,y_card_2_5,not_Homegrown,Forward,Transfer_year_2017,South_America,no_participation,right
Age_21_23,Heights_183_188,matches_37_56,goals_1_5,y_card_5_18,Homegrown,Midfielder,Transfer_year_2017,Europe,no_participation,left
Age_16_21,Heights_183_188,matches_0_20,goals_1_5,y_card_2_5,not_Homegrown,Forward,Transfer_year_2017,Europe,no_participation,left
Age_25_28,Heights_183_188,matches_20_30,goals_0_1,y_card_5_18,not_Homegrown,Defender,Transfer_year_2017,Europe,champions_league,left
Age_23_25,Heights_178_183,matches_20_30,goals_0_1,y_card_2_5,not_Homegrown,Defender,Transfer_year_2017,North_America,no_participation,right
Age_23_25,Heights_178_183,matches_30_37,goals_5_36,y_card_2_5,not_Homegrown,Forward,Transfer_year_2017,Europe,europa_league,left
Age_28_36,Heights_159_178,matches_30_37,goals_0_1,y_card_2_5,not_Homegrown,Midfielder,Transfer_year_2017,Europe,no_participation,right
Age_16_21,Heights_183_188,matches_30_37,goals_0_1,y_card_5_18,not_Homegrown,Midfielder,Transfer_year_2017,Africa,no_participation,right
Age_28_36,Heights_183_188,matches_20_30,goals_0_1,y_card_5_18,not_Homegrown,Midfielder,Transfer_year_2017,Europe,no_participation,right
Age_25_28,Heights_178_183,matches_37_56,goals_0_1,y_card_2_5,not_Homegrown,Defender,Transfer_year_2017,Europe,no_participation,right
Age_21_23,Heights_178_183,matches_37_56,goals_5_36,y_card_0_2,Homegrown,Forward,Transfer_year_2017,Europe,no_participation,right
Age_25_28,Heights_188_206,matches_30_37,goals_0_1,y_card_5_18,not_Homegrown,Defender,Transfer_year_2017,Europe,no_participation,right
Age_21_23,Heights_159_178,matches_20_30,goals_0_1,y_card_0_2,not_Homegrown,Defender,Transfer_year_2017,Europe,no_participation,right
Age_23_25,Heights_178_183,matches_37_56,goals_5_36,y_card_2_5,not_Homegrown,Forward,Transfer_year_2017,Europe,no_participation,left
Age_23_25,Heights_183_188,matches_0_20,goals_0_1,y_card_0_2,Homegrown,Defender,Transfer_year_2017,Europe,no_participation,right
Age_25_28,Heights_183_188,matches_20_30,goals_5_36,y_card_0_2,not_Homegrown,Midfielder,Transfer_year_2017,Europe,champions_league,right
Age_28_36,Heights_188_206,matches_20_30,goals_5_36,y_card_0_2,Homegrown,Forward,Transfer_year_2017,Europe,no_participation,left
Age_25_28,Heights_178_183,matches_0_20,goals_0_1,y_card_2_5,not_Homegrown,Forward,Transfer_year_2017,North_America,no_participation,right
Age_21_23,Heights_183_188,matches_20_30,goals_0_1,y_card_5_18,not_Homegrown,Defender,Transfer_year_2017,Europe,europa_league,right
Age_23_25,Heights_159_178,matches_30_37,goals_5_36,y_card_2_5,not_Homegrown,Forward,Transfer_year_2017,South_America,champions_league,right
Age_23_25,Heights_188_206,matches_0_20,goals_5_36,y_card_0_2,not_Homegrown,Forward,Transfer_year_2017,North_America,no_participation,right
Age_23_25,Heights_183_188,matches_37_56,goals_5_36,y_card_0_2,not_Homegrown,Midfielder,Transfer_year_2017,Europe,champions_league,right
Age_23_25,Heights_183_188,matches_20_30,goals_0_1,y_card_0_2,not_Homegrown,Goalkeeper,Transfer_year_2017,Oceania,europa_league,right
Age_28_36,Heights_178_183,matches_30_37,goals_1_5,y_card_5_18,not_Homegrown,Defender,Transfer_year_2017,Europe,no_participation,left
Age_25_28,Heights_178_183,matches_30_37,goals_1_5,y_card_5_18,not_Homegrown,Midfielder,Transfer_year_2017,Europe,no_participation,right
Age_25_28,Heights_183_188,matches_20_30,goals_0_1,y_card_2_5,not_Homegrown,Midfielder,Transfer_year_2017,Europe,champions_league,right
Age_16_21,Heights_183_188,matches_20_30,goals_0_1,y_card_5_18,not_Homegrown,Defender,Transfer_year_2017,Europe,europa_league,right
Age_16_21,Heights_178_183,matches_0_20,goals_0_1,y_card_0_2,not_Homegrown,Midfielder,Transfer_year_2017,Europe,no_participation,right
Age_16_21,Heights_188_206,matches_20_30,goals_5_36,y_card_2_5,not_Homegrown,Forward,Transfer_year_2017,Europe,no_participation,right
Age_16_21,Heights_178_183,matches_37_56,goals_5_36,y_card_0_2,not_Homegrown,Forward,Transfer_year_2017,Europe,no_participation,right
Age_21_23,Heights_159_178,matches_0_20,goals_0_1,y_card_0_2,Homegrown,Defender,Transfer_year_2017,Europe,no_participation,right
Age_25_28,Heights_178_183,matches_37_56,goals_5_36,y_card_0_2,not_Homegrown,Forward,Transfer_year_2018,Africa,no_participation,left
Age_16_21,Heights_188_206,matches_20_30,goals_0_1,y_card_2_5,not_Homegrown,Defender,Transfer_year_2018,Europe,no_participation,right
Age_16_21,Heights_183_188,matches_20_30,goals_1_5,y_card_2_5,not_Homegrown,Defender,Transfer_year_2018,Asia,no_participation,right
Age_16_21,Heights_159_178,matches_0_20,goals_1_5,y_card_2_5,not_Homegrown,Forward,Transfer_year_2018,Oceania,no_participation,right
Age_16_21,Heights_159_178,matches_0_20,goals_1_5,y_card_0_2,Homegrown,Forward,Transfer_year_2018,Africa,no_participation,both
Age_21_23,Heights_188_206,matches_37_56,goals_0_1,y_card_0_2,Homegrown,Goalkeeper,Transfer_year_2018,Europe,no_participation,right
Age_21_23,Heights_183_188,matches_20_30,goals_0_1,y_card_0_2,not_Homegrown,Defender,Transfer_year_2018,Europe,no_participation,right
Age_16_21,Heights_159_178,matches_30_37,goals_0_1,y_card_5_18,not_Homegrown,Defender,Transfer_year_2018,South_America,no_participation,right
Age_28_36,Heights_188_206,matches_20_30,goals_0_1,y_card_0_2,Homegrown,Goalkeeper,Transfer_year_2018,Europe,no_participation,right
Age_23_25,Heights_159_178,matches_0_20,goals_1_5,y_card_2_5,not_Homegrown,Forward,Transfer_year_2018,Africa,no_participation,right
Age_23_25,Heights_159_178,matches_30_37,goals_1_5,y_card_5_18,not_Homegrown,Midfielder,Transfer_year_2018,South_America,champions_league,both
Age_16_21,Heights_178_183,matches_0_20,goals_0_1,y_card_0_2,not_Homegrown,Defender,Transfer_year_2018,Europe,champions_league,right
Age_28_36,Heights_188_206,matches_0_20,goals_0_1,y_card_0_2,Homegrown,Goalkeeper,Transfer_year_2018,Europe,no_participation,right
Age_25_28,Heights_178_183,matches_0_20,goals_0_1,y_card_0_2,not_Homegrown,Defender,Transfer_year_2018,Europe,champions_league,left
Age_23_25,Heights_188_206,matches_37_56,goals_0_1,y_card_0_2,Homegrown,Goalkeeper,Transfer_year_2018,Europe,no_participation,right
Age_23_25,Heights_188_206,matches_37_56,goals_0_1,y_card_0_2,not_Homegrown,Goalkeeper,Transfer_year_2018,South_America,champions_league,right
Age_21_23,Heights_159_178,matches_37_56,goals_5_36,y_card_5_18,not_Homegrown,Midfielder,Transfer_year_2018,Africa,Multiple,right
Age_23_25,Heights_183_188,matches_37_56,goals_5_36,y_card_5_18,not_Homegrown,Midfielder,Transfer_year_2018,South_America,champions_league,right
Age_25_28,Heights_159_178,matches_37_56,goals_5_36,y_card_2_5,not_Homegrown,Midfielder,Transfer_year_2018,Europe,no_participation,left
Age_16_21,Heights_183_188,matches_0_20,goals_1_5,y_card_0_2,not_Homegrown,Forward,Transfer_year_2018,Europe,no_participation,right
Age_23_25,Heights_188_206,matches_0_20,goals_1_5,y_card_0_2,Homegrown,Goalkeeper,Transfer_year_2018,Europe,no_participation,right
Age_28_36,Heights_183_188,matches_20_30,goals_0_1,y_card_0_2,not_Homegrown,Defender,Transfer_year_2018,Europe,champions_league,left
Age_21_23,Heights_183_188,matches_30_37,goals_0_1,y_card_2_5,not_Homegrown,Goalkeeper,Transfer_year_2018,Europe,no_participation,right
Age_25_28,Heights_159_178,matches_30_37,goals_1_5,y_card_2_5,not_Homegrown,Midfielder,Transfer_year_2018,Europe,Multiple,right
Age_25_28,Heights_188_206,matches_37_56,goals_0_1,y_card_2_5,not_Homegrown,Goalkeeper,Transfer_year_2018,Europe,champions_league,left
Age_28_36,Heights_178_183,matches_0_20,goals_0_1,y_card_0_2,Homegrown,Midfielder,Transfer_year_2018,Europe,europa_league,right
Age_21_23,Heights_159_178,matches_37_56,goals_1_5,y_card_5_18,not_Homegrown,Midfielder,Transfer_year_2018,South_America,no_participation,right
Age_25_28,Heights_188_206,matches_37_56,goals_0_1,y_card_0_2,not_Homegrown,Goalkeeper,Transfer_year_2018,Europe,no_participation,right
Age_28_36,Heights_183_188,matches_37_56,goals_1_5,y_card_5_18,not_Homegrown,Defender,Transfer_year_2018,Europe,Multiple,right
Age_16_21,Heights_183_188,matches_20_30,goals_0_1,y_card_2_5,not_Homegrown,Midfielder,Transfer_year_2018,Europe,no_participation,right
Age_28_36,Heights_178_183,matches_30_37,goals_5_36,y_card_2_5,not_Homegrown,Forward,Transfer_year_2018,Europe,no_participation,left
Age_21_23,Heights_178_183,matches_20_30,goals_1_5,y_card_0_2,Homegrown,Forward,Transfer_year_2018,Europe,no_participation,right
Age_25_28,Heights_159_178,matches_0_20,goals_1_5,y_card_0_2,not_Homegrown,Forward,Transfer_year_2018,North_America,no_participation,left
Age_23_25,Heights_183_188,matches_37_56,goals_0_1,y_card_2_5,Homegrown,Defender,Transfer_year_2018,Europe,no_participation,left
Age_25_28,Heights_178_183,matches_37_56,goals_5_36,y_card_0_2,not_Homegrown,Forward,Transfer_year_2018,Europe,no_participation,right
Age_28_36,Heights_183_188,matches_20_30,goals_1_5,y_card_0_2,Homegrown,Forward,Transfer_year_2018,Europe,no_participation,right
Age_16_21,Heights_183_188,matches_37_56,goals_1_5,y_card_2_5,not_Homegrown,Forward,Transfer_year_2018,South_America,no_participation,right
Age_21_23,Heights_188_206,matches_0_20,goals_0_1,y_card_0_2,not_Homegrown,Defender,Transfer_year_2018,South_America,no_participation,right
Age_23_25,Heights_159_178,matches_0_20,goals_0_1,y_card_2_5,not_Homegrown,Defender,Transfer_year_2018,Europe,champions_league,left
Age_23_25,Heights_178_183,matches_0_20,goals_0_1,y_card_0_2,not_Homegrown,Midfielder,Transfer_year_2018,Europe,europa_league,right
Age_25_28,Heights_183_188,matches_0_20,goals_0_1,y_card_0_2,not_Homegrown,Defender,Transfer_year_2018,South_America,no_participation,left
Age_23_25,Heights_183_188,matches_0_20,goals_0_1,y_card_0_2,Homegrown,Defender,Transfer_year_2018,Asia,no_participation,right
Age_16_21,Heights_159_178,matches_37_56,goals_5_36,y_card_5_18,Homegrown,Midfielder,Transfer_year_2018,Europe,no_participation,right
Age_23_25,Heights_159_178,matches_30_37,goals_1_5,y_card_2_5,not_Homegrown,Defender,Transfer_year_2018,Europe,champions_league,right
Age_21_23,Heights_183_188,matches_20_30,goals_0_1,y_card_2_5,not_Homegrown,Defender,Transfer_year_2018,Asia,no_participation,both
Age_16_21,Heights_188_206,matches_20_30,goals_1_5,y_card_0_2,not_Homegrown,Defender,Transfer_year_2018,Europe,no_participation,right
Age_25_28,Heights_178_183,matches_30_37,goals_1_5,y_card_0_2,not_Homegrown,Forward,Transfer_year_2018,Africa,champions_league,left
Age_28_36,Heights_183_188,matches_30_37,goals_1_5,y_card_5_18,Homegrown,Defender,Transfer_year_2018,Europe,no_participation,both
Age_23_25,Heights_159_178,matches_20_30,goals_5_36,y_card_2_5,not_Homegrown,Forward,Transfer_year_2018,Africa,europa_league,right
Age_28_36,Heights_188_206,matches_0_20,goals_0_1,y_card_0_2,not_Homegrown,Midfielder,Transfer_year_2018,Europe,europa_league,right
Age_23_25,Heights_159_178,matches_30_37,goals_5_36,y_card_2_5,not_Homegrown,Forward,Transfer_year_2018,South_America,no_participation,left
Age_25_28,Heights_178_183,matches_20_30,goals_5_36,y_card_0_2,not_Homegrown,Forward,Transfer_year_2018,Asia,no_participation,right
Age_21_23,Heights_188_206,matches_20_30,goals_0_1,y_card_2_5,not_Homegrown,Midfielder,Transfer_year_2018,Europe,no_participation,left
Age_28_36,Heights_188_206,matches_30_37,goals_0_1,y_card_2_5,not_Homegrown,Defender,Transfer_year_2018,South_America,no_participation,right
Age_25_28,Heights_183_188,matches_20_30,goals_1_5,y_card_5_18,not_Homegrown,Defender,Transfer_year_2018,Europe,no_participation,right
Age_28_36,Heights_188_206,matches_20_30,goals_0_1,y_card_0_2,not_Homegrown,Goalkeeper,Transfer_year_2018,Europe,no_participation,right
Age_21_23,Heights_188_206,matches_20_30,goals_5_36,y_card_2_5,not_Homegrown,Forward,Transfer_year_2018,Europe,no_participation,right
Age_21_23,Heights_178_183,matches_0_20,goals_0_1,y_card_0_2,not_Homegrown,Defender,Transfer_year_2018,Africa,no_participation,right
Age_25_28,Heights_183_188,matches_30_37,goals_0_1,y_card_0_2,not_Homegrown,Goalkeeper,Transfer_year_2018,Europe,champions_league,right
Age_16_21,Heights_159_178,matches_37_56,goals_5_36,y_card_0_2,Homegrown,Forward,Transfer_year_2018,Europe,no_participation,right
Age_21_23,Heights_183_188,matches_37_56,goals_5_36,y_card_5_18,Homegrown,Forward,Transfer_year_2018,Europe,no_participation,right
Age_25_28,Heights_188_206,matches_30_37,goals_1_5,y_card_2_5,not_Homegrown,Midfielder,Transfer_year_2018,Africa,no_participation,right
Age_21_23,Heights_178_183,matches_20_30,goals_0_1,y_card_5_18,not_Homegrown,Midfielder,Transfer_year_2018,South_America,no_participation,right
Age_23_25,Heights_178_183,matches_30_37,goals_1_5,y_card_5_18,not_Homegrown,Defender,Transfer_year_2018,Europe,no_participation,left
Age_16_21,Heights_188_206,matches_20_30,goals_0_1,y_card_2_5,Homegrown,Defender,Transfer_year_2018,Europe,no_participation,right
Age_16_21,Heights_159_178,matches_30_37,goals_1_5,y_card_2_5,Homegrown,Forward,Transfer_year_2018,Europe,no_participation,left
Age_23_25,Heights_178_183,matches_37_56,goals_5_36,y_card_0_2,Homegrown,Forward,Transfer_year_2018,Africa,no_participation,right
Age_28_36,Heights_178_183,matches_30_37,goals_5_36,y_card_0_2,Homegrown,Forward,Transfer_year_2018,North_America,no_participation,right
Age_28_36,Heights_159_178,matches_30_37,goals_5_36,y_card_2_5,Homegrown,Forward,Transfer_year_2018,Africa,no_participation,right
Age_23_25,Heights_159_178,matches_30_37,goals_5_36,y_card_0_2,not_Homegrown,Forward,Transfer_year_2018,South_America,europa_league,right
Age_16_21,Heights_188_206,matches_37_56,goals_1_5,y_card_5_18,not_Homegrown,Defender,Transfer_year_2018,Europe,no_participation,right
Age_25_28,Heights_188_206,matches_30_37,goals_5_36,y_card_0_2,not_Homegrown,Forward,Transfer_year_2018,Europe,champions_league,left
Age_28_36,Heights_188_206,matches_37_56,goals_0_1,y_card_0_2,not_Homegrown,Goalkeeper,Transfer_year_2018,Europe,no_participation,right
Age_25_28,Heights_188_206,matches_0_20,goals_0_1,y_card_0_2,not_Homegrown,Defender,Transfer_year_2018,South_America,no_participation,right
Age_16_21,Heights_159_178,matches_0_20,goals_0_1,y_card_0_2,not_Homegrown,Forward,Transfer_year_2018,Europe,no_participation,right
Age_16_21,Heights_188_206,matches_20_30,goals_1_5,y_card_2_5,Homegrown,Defender,Transfer_year_2018,Europe,no_participation,right
Age_23_25,Heights_159_178,matches_20_30,goals_1_5,y_card_0_2,not_Homegrown,Forward,Transfer_year_2018,Europe,champions_league,right
Age_23_25,Heights_188_206,matches_30_37,goals_0_1,y_card_5_18,not_Homegrown,Defender,Transfer_year_2018,Africa,no_participation,left
Age_28_36,Heights_188_206,matches_37_56,goals_0_1,y_card_0_2,Homegrown,Goalkeeper,Transfer_year_2018,Europe,no_participation,left
Age_23_25,Heights_178_183,matches_0_20,goals_0_1,y_card_0_2,not_Homegrown,Forward,Transfer_year_2018,Europe,europa_league,left
Age_21_23,Heights_183_188,matches_20_30,goals_0_1,y_card_2_5,not_Homegrown,Defender,Transfer_year_2018,Europe,no_participation,right
Age_28_36,Heights_178_183,matches_37_56,goals_1_5,y_card_5_18,not_Homegrown,Forward,Transfer_year_2018,Africa,no_participation,right
Age_28_36,Heights_159_178,matches_0_20,goals_5_36,y_card_2_5,not_Homegrown,Forward,Transfer_year_2018,South_America,no_participation,right
Age_23_25,Heights_178_183,matches_30_37,goals_5_36,y_card_2_5,not_Homegrown,Forward,Transfer_year_2018,Asia,no_participation,right
Age_16_21,Heights_178_183,matches_20_30,goals_1_5,y_card_2_5,not_Homegrown,Midfielder,Transfer_year_2018,Africa,no_participation,right
Age_21_23,Heights_183_188,matches_20_30,goals_0_1,y_card_0_2,not_Homegrown,Defender,Transfer_year_2018,South_America,Multiple,left
Age_25_28,Heights_159_178,matches_30_37,goals_0_1,y_card_5_18,not_Homegrown,Defender,Transfer_year_2018,Europe,no_participation,right
Age_23_25,Heights_178_183,matches_20_30,goals_5_36,y_card_5_18,not_Homegrown,Forward,Transfer_year_2018,Europe,no_participation,right
Age_28_36,Heights_188_206,matches_20_30,goals_0_1,y_card_0_2,Homegrown,Goalkeeper,Transfer_year_2018,Europe,no_participation,right
Age_25_28,Heights_188_206,matches_37_56,goals_5_36,y_card_5_18,Homegrown,Defender,Transfer_year_2018,Europe,no_participation,left
Age_23_25,Heights_159_178,matches_20_30,goals_5_36,y_card_2_5,not_Homegrown,Forward,Transfer_year_2018,Africa,no_participation,left
Age_16_21,Heights_159_178,matches_0_20,goals_5_36,y_card_5_18,not_Homegrown,Forward,Transfer_year_2018,South_America,no_participation,right
Age_28_36,Heights_159_178,matches_0_20,goals_0_1,y_card_0_2,Homegrown,Forward,Transfer_year_2018,Europe,no_participation,right
Age_23_25,Heights_188_206,matches_0_20,goals_0_1,y_card_0_2,Homegrown,Defender,Transfer_year_2018,Europe,no_participation,right
Age_21_23,Heights_178_183,matches_20_30,goals_0_1,y_card_2_5,not_Homegrown,Midfielder,Transfer_year_2018,Europe,no_participation,right
Age_25_28,Heights_159_178,matches_20_30,goals_1_5,y_card_0_2,not_Homegrown,Forward,Transfer_year_2018,Europe,no_participation,right
Age_25_28,Heights_159_178,matches_0_20,goals_0_1,y_card_0_2,not_Homegrown,Forward,Transfer_year_2018,Europe,no_participation,right
Age_23_25,Heights_183_188,matches_20_30,goals_0_1,y_card_0_2,not_Homegrown,Defender,Transfer_year_2018,Europe,champions_league,left
Age_21_23,Heights_183_188,matches_20_30,goals_1_5,y_card_2_5,not_Homegrown,Forward,Transfer_year_2018,Europe,champions_league,left
Age_16_21,Heights_178_183,matches_20_30,goals_1_5,y_card_0_2,not_Homegrown,Midfielder,Transfer_year_2018,Africa,no_participation,right
Age_21_23,Heights_178_183,matches_20_30,goals_0_1,y_card_2_5,not_Homegrown,Defender,Transfer_year_2018,Europe,no_participation,right
Age_28_36,Heights_188_206,matches_37_56,goals_0_1,y_card_0_2,not_Homegrown,Goalkeeper,Transfer_year_2018,Europe,no_participation,right
Age_16_21,Heights_159_178,matches_30_37,goals_0_1,y_card_2_5,not_Homegrown,Midfielder,Transfer_year_2018,North_America,no_participation,right
Age_16_21,Heights_178_183,matches_20_30,goals_5_36,y_card_0_2,Homegrown,Forward,Transfer_year_2018,Europe,no_participation,right
Age_25_28,Heights_159_178,matches_30_37,goals_1_5,y_card_0_2,Homegrown,Forward,Transfer_year_2018,Europe,no_participation,left
Age_25_28,Heights_188_206,matches_0_20,goals_0_1,y_card_2_5,not_Homegrown,Defender,Transfer_year_2018,Europe,no_participation,right
Age_23_25,Heights_188_206,matches_30_37,goals_1_5,y_card_2_5,not_Homegrown,Defender,Transfer_year_2018,Europe,no_participation,both
Age_21_23,Heights_159_178,matches_37_56,goals_5_36,y_card_2_5,not_Homegrown,Forward,Transfer_year_2018,Europe,champions_league,right
Age_25_28,Heights_178_183,matches_30_37,goals_1_5,y_card_0_2,not_Homegrown,Midfielder,Transfer_year_2018,Europe,champions_league,right
Age_28_36,Heights_178_183,matches_37_56,goals_5_36,y_card_2_5,not_Homegrown,Forward,Transfer_year_2018,Europe,no_participation,left
Age_25_28,Heights_183_188,matches_0_20,goals_0_1,y_card_0_2,not_Homegrown,Forward,Transfer_year_2018,Europe,no_participation,left
Age_21_23,Heights_159_178,matches_37_56,goals_1_5,y_card_2_5,not_Homegrown,Forward,Transfer_year_2018,Europe,no_participation,right
Age_28_36,Heights_188_206,matches_37_56,goals_0_1,y_card_2_5,not_Homegrown,Goalkeeper,Transfer_year_2018,Europe,Multiple,left
Age_16_21,Heights_159_178,matches_37_56,goals_5_36,y_card_5_18,not_Homegrown,Forward,Transfer_year_2018,Europe,no_participation,right
Age_25_28,Heights_188_206,matches_30_37,goals_1_5,y_card_0_2,not_Homegrown,Defender,Transfer_year_2018,Africa,no_participation,right
Age_28_36,Heights_159_178,matches_37_56,goals_0_1,y_card_5_18,not_Homegrown,Midfielder,Transfer_year_2018,Europe,champions_league,right
Age_23_25,Heights_183_188,matches_37_56,goals_5_36,y_card_0_2,not_Homegrown,Forward,Transfer_year_2018,South_America,no_participation,right
Age_16_21,Heights_159_178,matches_0_20,goals_0_1,y_card_0_2,not_Homegrown,Defender,Transfer_year_2018,Europe,no_participation,left
Age_25_28,Heights_188_206,matches_0_20,goals_0_1,y_card_0_2,Homegrown,Defender,Transfer_year_2018,Europe,no_participation,right
Age_25_28,Heights_159_178,matches_37_56,goals_1_5,y_card_5_18,not_Homegrown,Defender,Transfer_year_2018,Europe,no_participation,left
Age_25_28,Heights_178_183,matches_20_30,goals_1_5,y_card_2_5,Homegrown,Midfielder,Transfer_year_2018,Europe,no_participation,right
Age_28_36,Heights_183_188,matches_0_20,goals_0_1,y_card_0_2,not_Homegrown,Midfielder,Transfer_year_2018,Africa,no_participation,right
Age_16_21,Heights_178_183,matches_0_20,goals_0_1,y_card_0_2,Homegrown,Midfielder,Transfer_year_2018,Europe,no_participation,right
Age_21_23,Heights_159_178,matches_37_56,goals_5_36,y_card_5_18,Homegrown,Forward,Transfer_year_2018,Europe,no_participation,right
Age_23_25,Heights_159_178,matches_37_56,goals_5_36,y_card_5_18,Homegrown,Forward,Transfer_year_2018,North_America,no_participation,right
Age_25_28,Heights_178_183,matches_20_30,goals_0_1,y_card_2_5,Homegrown,Defender,Transfer_year_2018,Europe,no_participation,left
Age_25_28,Heights_188_206,matches_37_56,goals_0_1,y_card_0_2,Homegrown,Goalkeeper,Transfer_year_2018,Europe,no_participation,right
Age_25_28,Heights_178_183,matches_20_30,goals_1_5,y_card_2_5,not_Homegrown,Defender,Transfer_year_2018,North_America,no_participation,right
Age_21_23,Heights_188_206,matches_37_56,goals_1_5,y_card_2_5,not_Homegrown,Midfielder,Transfer_year_2019,Europe,champions_league,right
Age_23_25,Heights_178_183,matches_30_37,goals_0_1,y_card_5_18,not_Homegrown,Defender,Transfer_year_2019,Europe,champions_league,right
Age_21_23,Heights_159_178,matches_37_56,goals_0_1,y_card_2_5,not_Homegrown,Defender,Transfer_year_2019,Europe,champions_league,left
Age_16_21,Heights_159_178,matches_30_37,goals_0_1,y_card_2_5,not_Homegrown,Defender,Transfer_year_2019,Europe,no_participation,right
Age_23_25,Heights_188_206,matches_0_20,goals_0_1,y_card_0_2,not_Homegrown,Goalkeeper,Transfer_year_2019,North_America,no_participation,right
Age_16_21,Heights_159_178,matches_0_20,goals_1_5,y_card_0_2,not_Homegrown,Forward,Transfer_year_2019,Asia,no_participation,right
Age_25_28,Heights_183_188,matches_20_30,goals_0_1,y_card_2_5,not_Homegrown,Defender,Transfer_year_2019,South_America,champions_league,right
Age_16_21,Heights_159_178,matches_20_30,goals_0_1,y_card_5_18,not_Homegrown,Midfielder,Transfer_year_2019,South_America,no_participation,right
Age_28_36,Heights_159_178,matches_0_20,goals_0_1,y_card_0_2,Homegrown,Midfielder,Transfer_year_2019,Europe,champions_league,left
Age_16_21,Heights_159_178,matches_30_37,goals_1_5,y_card_2_5,Homegrown,Midfielder,Transfer_year_2019,Europe,no_participation,right
Age_23_25,Heights_188_206,matches_30_37,goals_1_5,y_card_5_18,not_Homegrown,Defender,Transfer_year_2019,Europe,no_participation,left
Age_23_25,Heights_159_178,matches_0_20,goals_5_36,y_card_0_2,not_Homegrown,Forward,Transfer_year_2019,Asia,champions_league,right
Age_16_21,Heights_188_206,matches_0_20,goals_0_1,y_card_0_2,not_Homegrown,Defender,Transfer_year_2019,Europe,no_participation,right
Age_25_28,Heights_159_178,matches_20_30,goals_5_36,y_card_0_2,Homegrown,Forward,Transfer_year_2019,Europe,no_participation,right
Age_21_23,Heights_159_178,matches_20_30,goals_5_36,y_card_0_2,Homegrown,Forward,Transfer_year_2019,Europe,europa_league,right
Age_28_36,Heights_188_206,matches_0_20,goals_0_1,y_card_0_2,not_Homegrown,Goalkeeper,Transfer_year_2019,Europe,no_participation,right
Age_23_25,Heights_159_178,matches_37_56,goals_0_1,y_card_2_5,not_Homegrown,Midfielder,Transfer_year_2019,Europe,europa_league,right
Age_25_28,Heights_159_178,matches_37_56,goals_5_36,y_card_0_2,not_Homegrown,Forward,Transfer_year_2019,Europe,europa_league,right
Age_21_23,Heights_183_188,matches_30_37,goals_0_1,y_card_5_18,Homegrown,Defender,Transfer_year_2019,Africa,no_participation,right
Age_25_28,Heights_183_188,matches_37_56,goals_0_1,y_card_2_5,not_Homegrown,Defender,Transfer_year_2019,Europe,no_participation,right
Age_28_36,Heights_188_206,matches_37_56,goals_1_5,y_card_2_5,not_Homegrown,Defender,Transfer_year_2019,South_America,europa_league,right
Age_25_28,Heights_188_206,matches_0_20,goals_0_1,y_card_0_2,Homegrown,Defender,Transfer_year_2019,North_America,no_participation,right
Age_23_25,Heights_183_188,matches_30_37,goals_0_1,y_card_5_18,not_Homegrown,Defender,Transfer_year_2019,Africa,no_participation,right
Age_21_23,Heights_178_183,matches_37_56,goals_1_5,y_card_2_5,not_Homegrown,Midfielder,Transfer_year_2019,Europe,champions_league,right
Age_21_23,Heights_159_178,matches_20_30,goals_1_5,y_card_2_5,not_Homegrown,Forward,Transfer_year_2019,Europe,europa_league,right
Age_16_21,Heights_159_178,matches_37_56,goals_1_5,y_card_0_2,Homegrown,Defender,Transfer_year_2019,Europe,no_participation,left
Age_16_21,Heights_178_183,matches_20_30,goals_1_5,y_card_0_2,Homegrown,Forward,Transfer_year_2019,Europe,no_participation,right
Age_25_28,Heights_178_183,matches_20_30,goals_1_5,y_card_2_5,not_Homegrown,Midfielder,Transfer_year_2019,Europe,champions_league,right
Age_25_28,Heights_159_178,matches_37_56,goals_0_1,y_card_2_5,Homegrown,Defender,Transfer_year_2019,Europe,champions_league,right
Age_23_25,Heights_183_188,matches_0_20,goals_0_1,y_card_0_2,not_Homegrown,Forward,Transfer_year_2019,Europe,no_participation,left
Age_23_25,Heights_159_178,matches_0_20,goals_0_1,y_card_0_2,not_Homegrown,Forward,Transfer_year_2019,Africa,no_participation,right
Age_23_25,Heights_178_183,matches_37_56,goals_5_36,y_card_0_2,not_Homegrown,Forward,Transfer_year_2019,Africa,no_participation,left
Age_16_21,Heights_188_206,matches_0_20,goals_0_1,y_card_0_2,not_Homegrown,Defender,Transfer_year_2019,Europe,no_participation,right
Age_21_23,Heights_178_183,matches_20_30,goals_0_1,y_card_0_2,not_Homegrown,Defender,Transfer_year_2019,Europe,europa_league,left
Age_21_23,Heights_178_183,matches_37_56,goals_5_36,y_card_0_2,Homegrown,Forward,Transfer_year_2019,Africa,europa_league,right
Age_16_21,Heights_188_206,matches_30_37,goals_1_5,y_card_5_18,Homegrown,Defender,Transfer_year_2019,Europe,no_participation,right
Age_28_36,Heights_183_188,matches_20_30,goals_1_5,y_card_0_2,not_Homegrown,Defender,Transfer_year_2019,Europe,europa_league,right
Age_28_36,Heights_178_183,matches_20_30,goals_0_1,y_card_0_2,not_Homegrown,Goalkeeper,Transfer_year_2019,South_America,champions_league,right
Age_25_28,Heights_183_188,matches_0_20,goals_0_1,y_card_0_2,Homegrown,Defender,Transfer_year_2019,Europe,europa_league,right
Age_23_25,Heights_159_178,matches_0_20,goals_0_1,y_card_0_2,not_Homegrown,Forward,Transfer_year_2019,Asia,no_participation,right
Age_28_36,Heights_178_183,matches_30_37,goals_0_1,y_card_2_5,not_Homegrown,Defender,Transfer_year_2019,Europe,europa_league,left
Age_25_28,Heights_188_206,matches_30_37,goals_1_5,y_card_5_18,Homegrown,Defender,Transfer_year_2019,Europe,no_participation,right
Age_23_25,Heights_178_183,matches_20_30,goals_5_36,y_card_5_18,not_Homegrown,Midfielder,Transfer_year_2019,Europe,europa_league,right
Age_16_21,Heights_178_183,matches_37_56,goals_0_1,y_card_2_5,Homegrown,Defender,Transfer_year_2019,Europe,no_participation,right
Age_16_21,Heights_159_178,matches_37_56,goals_1_5,y_card_0_2,Homegrown,Forward,Transfer_year_2019,Europe,no_participation,right
Age_25_28,Heights_188_206,matches_37_56,goals_5_36,y_card_2_5,not_Homegrown,Forward,Transfer_year_2019,Europe,champions_league,left
Age_28_36,Heights_178_183,matches_0_20,goals_0_1,y_card_0_2,not_Homegrown,Defender,Transfer_year_2019,Europe,no_participation,right
Age_28_36,Heights_159_178,matches_0_20,goals_0_1,y_card_5_18,Homegrown,Defender,Transfer_year_2019,Europe,europa_league,both
Age_25_28,Heights_183_188,matches_37_56,goals_5_36,y_card_2_5,not_Homegrown,Forward,Transfer_year_2019,North_America,no_participation,right
Age_23_25,Heights_159_178,matches_20_30,goals_1_5,y_card_2_5,not_Homegrown,Forward,Transfer_year_2019,Europe,champions_league,right
Age_16_21,Heights_178_183,matches_37_56,goals_5_36,y_card_0_2,not_Homegrown,Forward,Transfer_year_2019,Europe,europa_league,right
Age_16_21,Heights_159_178,matches_0_20,goals_0_1,y_card_0_2,not_Homegrown,Forward,Transfer_year_2019,Europe,no_participation,left
Age_23_25,Heights_183_188,matches_20_30,goals_1_5,y_card_0_2,not_Homegrown,Midfielder,Transfer_year_2019,Europe,no_participation,right
Age_16_21,Heights_178_183,matches_0_20,goals_0_1,y_card_0_2,not_Homegrown,Midfielder,Transfer_year_2019,Europe,no_participation,right
Age_21_23,Heights_188_206,matches_0_20,goals_0_1,y_card_2_5,Homegrown,Defender,Transfer_year_2019,Europe,no_participation,left
Age_16_21,Heights_178_183,matches_0_20,goals_5_36,y_card_0_2,not_Homegrown,Forward,Transfer_year_2019,Europe,champions_league,right
Age_23_25,Heights_188_206,matches_20_30,goals_0_1,y_card_5_18,not_Homegrown,Midfielder,Transfer_year_2019,Europe,no_participation,right
Age_21_23,Heights_183_188,matches_30_37,goals_1_5,y_card_2_5,not_Homegrown,Midfielder,Transfer_year_2019,Africa,no_participation,right
Age_28_36,Heights_159_178,matches_30_37,goals_0_1,y_card_5_18,not_Homegrown,Midfielder,Transfer_year_2019,Africa,no_participation,right
Age_16_21,Heights_178_183,matches_30_37,goals_5_36,y_card_2_5,not_Homegrown,Midfielder,Transfer_year_2019,Europe,champions_league,right
Age_16_21,Heights_159_178,matches_20_30,goals_0_1,y_card_0_2,Homegrown,Forward,Transfer_year_2019,Africa,no_participation,right
Age_21_23,Heights_159_178,matches_37_56,goals_5_36,y_card_5_18,not_Homegrown,Forward,Transfer_year_2019,Africa,Multiple,right
Age_25_28,Heights_178_183,matches_0_20,goals_0_1,y_card_0_2,Homegrown,Midfielder,Transfer_year_2019,Europe,no_participation,right
Age_21_23,Heights_159_178,matches_37_56,goals_5_36,y_card_5_18,not_Homegrown,Midfielder,Transfer_year_2019,Europe,champions_league,right
Age_23_25,Heights_159_178,matches_37_56,goals_5_36,y_card_2_5,not_Homegrown,Forward,Transfer_year_2019,Europe,no_participation,right
Age_23_25,Heights_178_183,matches_30_37,goals_1_5,y_card_5_18,not_Homegrown,Midfielder,Transfer_year_2019,Europe,no_participation,right
Age_23_25,Heights_178_183,matches_0_20,goals_0_1,y_card_0_2,Homegrown,Defender,Transfer_year_2019,Oceania,no_participation,left
Age_23_25,Heights_188_206,matches_37_56,goals_5_36,y_card_2_5,not_Homegrown,Forward,Transfer_year_2019,Africa,europa_league,right
Age_21_23,Heights_159_178,matches_37_56,goals_1_5,y_card_2_5,not_Homegrown,Midfielder,Transfer_year_2019,Europe,europa_league,right
Age_21_23,Heights_159_178,matches_30_37,goals_5_36,y_card_2_5,Homegrown,Forward,Transfer_year_2019,Europe,no_participation,left
Age_21_23,Heights_178_183,matches_30_37,goals_5_36,y_card_2_5,not_Homegrown,Forward,Transfer_year_2019,Europe,no_participation,right
Age_28_36,Heights_183_188,matches_0_20,goals_0_1,y_card_0_2,Homegrown,Goalkeeper,Transfer_year_2019,Europe,no_participation,right
Age_28_36,Heights_188_206,matches_20_30,goals_5_36,y_card_2_5,not_Homegrown,Forward,Transfer_year_2019,Europe,no_participation,both
Age_28_36,Heights_159_178,matches_20_30,goals_5_36,y_card_0_2,not_Homegrown,Forward,Transfer_year_2019,North_America,no_participation,right
Age_25_28,Heights_183_188,matches_20_30,goals_0_1,y_card_0_2,not_Homegrown,Midfielder,Transfer_year_2019,Africa,no_participation,right
Age_21_23,Heights_183_188,matches_30_37,goals_1_5,y_card_5_18,not_Homegrown,Midfielder,Transfer_year_2019,Europe,no_participation,right
Age_16_21,Heights_159_178,matches_0_20,goals_0_1,y_card_0_2,not_Homegrown,Forward,Transfer_year_2019,Europe,no_participation,right
Age_28_36,Heights_178_183,matches_0_20,goals_5_36,y_card_0_2,not_Homegrown,Forward,Transfer_year_2019,Europe,no_participation,left
Age_16_21,Heights_188_206,matches_20_30,goals_1_5,y_card_2_5,Homegrown,Defender,Transfer_year_2019,Europe,no_participation,right
Age_23_25,Heights_178_183,matches_0_20,goals_0_1,y_card_2_5,Homegrown,Defender,Transfer_year_2019,Europe,no_participation,right
Age_16_21,Heights_183_188,matches_37_56,goals_5_36,y_card_5_18,not_Homegrown,Forward,Transfer_year_2019,Africa,europa_league,right
Age_16_21,Heights_178_183,matches_20_30,goals_5_36,y_card_0_2,not_Homegrown,Forward,Transfer_year_2019,South_America,no_participation,right
Age_23_25,Heights_178_183,matches_0_20,goals_0_1,y_card_0_2,not_Homegrown,Forward,Transfer_year_2019,South_America,no_participation,right
Age_28_36,Heights_183_188,matches_37_56,goals_1_5,y_card_5_18,Homegrown,Defender,Transfer_year_2019,Europe,no_participation,right
Age_16_21,Heights_183_188,matches_30_37,goals_5_36,y_card_5_18,not_Homegrown,Forward,Transfer_year_2019,Europe,no_participation,left
Age_25_28,Heights_178_183,matches_20_30,goals_1_5,y_card_2_5,not_Homegrown,Forward,Transfer_year_2019,Africa,no_participation,right
Age_21_23,Heights_183_188,matches_30_37,goals_5_36,y_card_5_18,not_Homegrown,Midfielder,Transfer_year_2019,South_America,champions_league,right
Age_21_23,Heights_159_178,matches_30_37,goals_5_36,y_card_0_2,not_Homegrown,Forward,Transfer_year_2019,Europe,no_participation,right
Age_23_25,Heights_183_188,matches_30_37,goals_0_1,y_card_0_2,not_Homegrown,Defender,Transfer_year_2019,Europe,no_participation,right
Age_28_36,Heights_188_206,matches_0_20,goals_1_5,y_card_0_2,not_Homegrown,Forward,Transfer_year_2019,Europe,no_participation,right
Age_21_23,Heights_188_206,matches_20_30,goals_1_5,y_card_5_18,Homegrown,Midfielder,Transfer_year_2019,Europe,no_participation,left
Age_21_23,Heights_159_178,matches_20_30,goals_5_36,y_card_0_2,not_Homegrown,Forward,Transfer_year_2019,Europe,champions_league,right
Age_16_21,Heights_188_206,matches_30_37,goals_0_1,y_card_2_5,Homegrown,Defender,Transfer_year_2019,Europe,no_participation,left
Age_25_28,Heights_188_206,matches_20_30,goals_1_5,y_card_2_5,Homegrown,Defender,Transfer_year_2019,Europe,no_participation,left
Age_21_23,Heights_183_188,matches_20_30,goals_1_5,y_card_0_2,not_Homegrown,Forward,Transfer_year_2019,Europe,no_participation,right
Age_21_23,Heights_159_178,matches_30_37,goals_1_5,y_card_0_2,Homegrown,Forward,Transfer_year_2019,Europe,no_participation,left
Age_23_25,Heights_178_183,matches_20_30,goals_1_5,y_card_2_5,Homegrown,Midfielder,Transfer_year_2019,Europe,no_participation,right
Age_28_36,Heights_183_188,matches_37_56,goals_5_36,y_card_2_5,Homegrown,Forward,Transfer_year_2019,Europe,no_participation,right
Age_21_23,Heights_188_206,matches_20_30,goals_0_1,y_card_0_2,Homegrown,Goalkeeper,Transfer_year_2019,Europe,no_participation,left
Age_28_36,Heights_178_183,matches_37_56,goals_1_5,y_card_2_5,not_Homegrown,Defender,Transfer_year_2019,Europe,no_participation,left
Age_28_36,Heights_183_188,matches_0_20,goals_0_1,y_card_2_5,Homegrown,Goalkeeper,Transfer_year_2019,Europe,no_participation,right
Age_28_36,Heights_159_178,matches_20_30,goals_5_36,y_card_2_5,not_Homegrown,Forward,Transfer_year_2019,North_America,no_participation,right
Age_21_23,Heights_178_183,matches_37_56,goals_5_36,y_card_2_5,Homegrown,Forward,Transfer_year_2019,Europe,no_participation,right
Age_16_21,Heights_159_178,matches_30_37,goals_5_36,y_card_5_18,not_Homegrown,Forward,Transfer_year_2019,Africa,europa_league,right
Age_21_23,Heights_178_183,matches_20_30,goals_0_1,y_card_0_2,Homegrown,Defender,Transfer_year_2019,Europe,no_participation,left
Age_21_23,Heights_188_206,matches_0_20,goals_0_1,y_card_0_2,Homegrown,Forward,Transfer_year_2019,Europe,no_participation,right
Age_28_36,Heights_183_188,matches_20_30,goals_1_5,y_card_0_2,Homegrown,Forward,Transfer_year_2019,Europe,no_participation,right
Age_23_25,Heights_188_206,matches_37_56,goals_1_5,y_card_2_5,Homegrown,Defender,Transfer_year_2019,Europe,no_participation,right
Age_21_23,Heights_159_178,matches_37_56,goals_5_36,y_card_5_18,not_Homegrown,Forward,Transfer_year_2019,Europe,no_participation,right
Age_23_25,Heights_159_178,matches_37_56,goals_5_36,y_card_0_2,not_Homegrown,Forward,Transfer_year_2019,Europe,europa_league,right
Age_21_23,Heights_183_188,matches_37_56,goals_1_5,y_card_2_5,Homegrown,Defender,Transfer_year_2019,Europe,no_participation,left
Age_28_36,Heights_159_178,matches_0_20,goals_0_1,y_card_0_2,not_Homegrown,Midfielder,Transfer_year_2019,Oceania,no_participation,right
Age_21_23,Heights_183_188,matches_20_30,goals_0_1,y_card_2_5,not_Homegrown,Defender,Transfer_year_2019,Europe,no_participation,right
Age_16_21,Heights_159_178,matches_0_20,goals_0_1,y_card_0_2,not_Homegrown,Forward,Transfer_year_2019,Europe,no_participation,left
Age_28_36,Heights_178_183,matches_0_20,goals_0_1,y_card_0_2,not_Homegrown,Defender,Transfer_year_2019,Africa,no_participation,left
Age_28_36,Heights_159_178,matches_0_20,goals_0_1,y_card_0_2,not_Homegrown,Midfielder,Transfer_year_2019,Europe,no_participation,right
Age_25_28,Heights_188_206,matches_20_30,goals_1_5,y_card_2_5,not_Homegrown,Defender,Transfer_year_2019,Europe,no_participation,right
Age_25_28,Heights_183_188,matches_0_20,goals_1_5,y_card_0_2,not_Homegrown,Forward,Transfer_year_2019,Europe,no_participation,right
Age_23_25,Heights_188_206,matches_0_20,goals_0_1,y_card_0_2,not_Homegrown,Forward,Transfer_year_2019,Europe,no_participation,right
Age_16_21,Heights_188_206,matches_20_30,goals_1_5,y_card_0_2,not_Homegrown,Midfielder,Transfer_year_2019,Europe,champions_league,right
Age_21_23,Heights_183_188,matches_37_56,goals_5_36,y_card_2_5,Homegrown,Forward,Transfer_year_2019,Europe,no_participation,right
Age_23_25,Heights_159_178,matches_20_30,goals_5_36,y_card_0_2,Homegrown,Forward,Transfer_year_2019,Europe,no_participation,right
Age_25_28,Heights_159_178,matches_37_56,goals_5_36,y_card_2_5,Homegrown,Midfielder,Transfer_year_2019,Europe,no_participation,left
Age_23_25,Heights_159_178,matches_37_56,goals_1_5,y_card_2_5,Homegrown,Midfielder,Transfer_year_2019,Europe,no_participation,left
Age_28_36,Heights_188_206,matches_0_20,goals_0_1,y_card_0_2,Homegrown,Defender,Transfer_year_2019,Europe,no_participation,right
Age_28_36,Heights_178_183,matches_37_56,goals_5_36,y_card_5_18,Homegrown,Forward,Transfer_year_2019,Europe,no_participation,right
Age_25_28,Heights_183_188,matches_37_56,goals_1_5,y_card_5_18,not_Homegrown,Midfielder,Transfer_year_2020,Africa,champions_league,right
Age_21_23,Heights_188_206,matches_30_37,goals_0_1,y_card_5_18,not_Homegrown,Defender,Transfer_year_2020,South_America,champions_league,left
Age_25_28,Heights_188_206,matches_0_20,goals_0_1,y_card_0_2,not_Homegrown,Defender,Transfer_year_2020,Europe,no_participation,left
Age_23_25,Heights_183_188,matches_0_20,goals_0_1,y_card_0_2,not_Homegrown,Goalkeeper,Transfer_year_2020,Europe,no_participation,right
Age_25_28,Heights_188_206,matches_20_30,goals_0_1,y_card_0_2,Homegrown,Goalkeeper,Transfer_year_2020,South_America,europa_league,right
Age_23_25,Heights_178_183,matches_37_56,goals_5_36,y_card_2_5,Homegrown,Forward,Transfer_year_2020,Europe,no_participation,right
Age_23_25,Heights_178_183,matches_30_37,goals_1_5,y_card_5_18,not_Homegrown,Forward,Transfer_year_2020,Africa,champions_league,left
Age_25_28,Heights_178_183,matches_0_20,goals_1_5,y_card_2_5,not_Homegrown,Midfielder,Transfer_year_2020,Europe,champions_league,right
Age_21_23,Heights_183_188,matches_37_56,goals_1_5,y_card_5_18,Homegrown,Defender,Transfer_year_2020,Europe,no_participation,right
Age_25_28,Heights_178_183,matches_30_37,goals_5_36,y_card_0_2,Homegrown,Forward,Transfer_year_2020,Europe,no_participation,right
Age_16_21,Heights_159_178,matches_20_30,goals_5_36,y_card_0_2,not_Homegrown,Midfielder,Transfer_year_2020,South_America,no_participation,right
Age_16_21,Heights_188_206,matches_20_30,goals_1_5,y_card_2_5,not_Homegrown,Midfielder,Transfer_year_2020,Europe,no_participation,right
Age_16_21,Heights_159_178,matches_20_30,goals_0_1,y_card_2_5,not_Homegrown,Midfielder,Transfer_year_2020,Europe,no_participation,right
Age_16_21,Heights_188_206,matches_0_20,goals_1_5,y_card_2_5,not_Homegrown,Defender,Transfer_year_2020,Europe,no_participation,right
Age_25_28,Heights_183_188,matches_20_30,goals_0_1,y_card_2_5,not_Homegrown,Defender,Transfer_year_2020,Europe,champions_league,right
Age_25_28,Heights_159_178,matches_37_56,goals_1_5,y_card_5_18,not_Homegrown,Forward,Transfer_year_2020,Europe,no_participation,left
Age_28_36,Heights_159_178,matches_30_37,goals_1_5,y_card_2_5,not_Homegrown,Midfielder,Transfer_year_2020,Oceania,no_participation,right
Age_28_36,Heights_188_206,matches_0_20,goals_0_1,y_card_0_2,Homegrown,Goalkeeper,Transfer_year_2020,Europe,no_participation,right
Age_28_36,Heights_183_188,matches_30_37,goals_0_1,y_card_5_18,Homegrown,Midfielder,Transfer_year_2020,Europe,no_participation,right
Age_16_21,Heights_188_206,matches_37_56,goals_5_36,y_card_2_5,not_Homegrown,Forward,Transfer_year_2020,Europe,Multiple,left
Age_23_25,Heights_178_183,matches_37_56,goals_5_36,y_card_2_5,not_Homegrown,Forward,Transfer_year_2020,Europe,champions_league,right
Age_21_23,Heights_178_183,matches_30_37,goals_1_5,y_card_2_5,Homegrown,Defender,Transfer_year_2020,Europe,no_participation,left
Age_25_28,Heights_178_183,matches_20_30,goals_5_36,y_card_0_2,not_Homegrown,Forward,Transfer_year_2020,Africa,Multiple,left
Age_25_28,Heights_188_206,matches_30_37,goals_0_1,y_card_0_2,not_Homegrown,Goalkeeper,Transfer_year_2020,Africa,europa_league,right
Age_25_28,Heights_188_206,matches_37_56,goals_5_36,y_card_5_18,not_Homegrown,Forward,Transfer_year_2020,Europe,champions_league,right
Age_23_25,Heights_183_188,matches_37_56,goals_5_36,y_card_5_18,not_Homegrown,Midfielder,Transfer_year_2020,Europe,champions_league,right
Age_23_25,Heights_159_178,matches_20_30,goals_1_5,y_card_0_2,not_Homegrown,Midfielder,Transfer_year_2020,South_America,no_participation,right
Age_21_23,Heights_159_178,matches_37_56,goals_5_36,y_card_2_5,Homegrown,Midfielder,Transfer_year_2020,Europe,no_participation,right
Age_25_28,Heights_188_206,matches_30_37,goals_0_1,y_card_0_2,Homegrown,Goalkeeper,Transfer_year_2020,Europe,no_participation,right
Age_23_25,Heights_188_206,matches_37_56,goals_5_36,y_card_0_2,not_Homegrown,Forward,Transfer_year_2020,Europe,europa_league,left
Age_21_23,Heights_183_188,matches_30_37,goals_0_1,y_card_2_5,Homegrown,Defender,Transfer_year_2020,Europe,no_participation,right
Age_28_36,Heights_159_178,matches_30_37,goals_0_1,y_card_5_18,not_Homegrown,Midfielder,Transfer_year_2020,South_America,no_participation,right
Age_25_28,Heights_178_183,matches_37_56,goals_1_5,y_card_5_18,not_Homegrown,Midfielder,Transfer_year_2020,Africa,no_participation,right
Age_28_36,Heights_183_188,matches_0_20,goals_0_1,y_card_5_18,not_Homegrown,Midfielder,Transfer_year_2020,Europe,no_participation,right
Age_21_23,Heights_178_183,matches_20_30,goals_1_5,y_card_0_2,Homegrown,Midfielder,Transfer_year_2020,Europe,no_participation,left
Age_23_25,Heights_178_183,matches_20_30,goals_0_1,y_card_5_18,Homegrown,Midfielder,Transfer_year_2020,Europe,no_participation,right
Age_25_28,Heights_183_188,matches_0_20,goals_0_1,y_card_0_2,not_Homegrown,Defender,Transfer_year_2020,Europe,no_participation,left
Age_23_25,Heights_178_183,matches_20_30,goals_0_1,y_card_2_5,not_Homegrown,Defender,Transfer_year_2020,Europe,champions_league,right
Age_21_23,Heights_178_183,matches_37_56,goals_0_1,y_card_5_18,Homegrown,Defender,Transfer_year_2020,North_America,no_participation,left
Age_21_23,Heights_188_206,matches_30_37,goals_1_5,y_card_0_2,Homegrown,Defender,Transfer_year_2020,Europe,no_participation,right
Age_28_36,Heights_178_183,matches_30_37,goals_5_36,y_card_0_2,not_Homegrown,Forward,Transfer_year_2020,Europe,champions_league,left
Age_21_23,Heights_178_183,matches_0_20,goals_0_1,y_card_0_2,not_Homegrown,Forward,Transfer_year_2020,Europe,no_participation,right
Age_25_28,Heights_183_188,matches_20_30,goals_0_1,y_card_5_18,not_Homegrown,Defender,Transfer_year_2020,Europe,no_participation,right
Age_21_23,Heights_159_178,matches_30_37,goals_5_36,y_card_5_18,not_Homegrown,Forward,Transfer_year_2020,South_America,europa_league,left
Age_25_28,Heights_178_183,matches_37_56,goals_1_5,y_card_2_5,not_Homegrown,Forward,Transfer_year_2020,Africa,no_participation,left
Age_23_25,Heights_188_206,matches_30_37,goals_1_5,y_card_2_5,not_Homegrown,Defender,Transfer_year_2020,Europe,no_participation,right
Age_16_21,Heights_188_206,matches_0_20,goals_0_1,y_card_0_2,not_Homegrown,Goalkeeper,Transfer_year_2020,Europe,no_participation,left
Age_16_21,Heights_178_183,matches_0_20,goals_0_1,y_card_0_2,Homegrown,Forward,Transfer_year_2020,Europe,no_participation,left
Age_16_21,Heights_183_188,matches_20_30,goals_1_5,y_card_5_18,not_Homegrown,Defender,Transfer_year_2020,Europe,europa_league,right
Age_23_25,Heights_183_188,matches_30_37,goals_1_5,y_card_2_5,not_Homegrown,Defender,Transfer_year_2020,Europe,champions_league,right
Age_23_25,Heights_178_183,matches_0_20,goals_1_5,y_card_0_2,Homegrown,Forward,Transfer_year_2020,North_America,europa_league,right
Age_23_25,Heights_159_178,matches_20_30,goals_0_1,y_card_2_5,not_Homegrown,Forward,Transfer_year_2020,Africa,no_participation,left
Age_21_23,Heights_159_178,matches_37_56,goals_5_36,y_card_5_18,not_Homegrown,Forward,Transfer_year_2020,Europe,europa_league,right
Age_28_36,Heights_159_178,matches_37_56,goals_1_5,y_card_5_18,not_Homegrown,Midfielder,Transfer_year_2020,Europe,champions_league,right
Age_23_25,Heights_178_183,matches_30_37,goals_0_1,y_card_5_18,not_Homegrown,Defender,Transfer_year_2020,Europe,Multiple,left
Age_28_36,Heights_183_188,matches_0_20,goals_0_1,y_card_0_2,not_Homegrown,Defender,Transfer_year_2020,Europe,champions_league,right
Age_21_23,Heights_183_188,matches_37_56,goals_1_5,y_card_2_5,Homegrown,Midfielder,Transfer_year_2020,Europe,no_participation,right
Age_21_23,Heights_183_188,matches_37_56,goals_1_5,y_card_5_18,not_Homegrown,Defender,Transfer_year_2020,Europe,Multiple,right
Age_23_25,Heights_178_183,matches_20_30,goals_1_5,y_card_0_2,Homegrown,Defender,Transfer_year_2020,Europe,no_participation,left
Age_16_21,Heights_183_188,matches_37_56,goals_5_36,y_card_5_18,not_Homegrown,Forward,Transfer_year_2020,Europe,champions_league,right
Age_21_23,Heights_159_178,matches_0_20,goals_5_36,y_card_0_2,not_Homegrown,Forward,Transfer_year_2020,South_America,no_participation,right
Age_16_21,Heights_178_183,matches_0_20,goals_0_1,y_card_0_2,not_Homegrown,Defender,Transfer_year_2020,Africa,no_participation,right
Age_23_25,Heights_178_183,matches_0_20,goals_0_1,y_card_0_2,not_Homegrown,Forward,Transfer_year_2020,Europe,no_participation,left
Age_28_36,Heights_178_183,matches_37_56,goals_1_5,y_card_2_5,not_Homegrown,Defender,Transfer_year_2020,South_America,champions_league,right
Age_21_23,Heights_183_188,matches_20_30,goals_5_36,y_card_2_5,not_Homegrown,Midfielder,Transfer_year_2020,Europe,Multiple,right
Age_16_21,Heights_159_178,matches_0_20,goals_0_1,y_card_0_2,not_Homegrown,Forward,Transfer_year_2020,Africa,champions_league,left
Age_25_28,Heights_178_183,matches_37_56,goals_5_36,y_card_5_18,not_Homegrown,Defender,Transfer_year_2020,South_America,europa_league,left
Age_16_21,Heights_159_178,matches_0_20,goals_0_1,y_card_0_2,not_Homegrown,Forward,Transfer_year_2020,South_America,no_participation,right
Age_28_36,Heights_188_206,matches_30_37,goals_1_5,y_card_2_5,Homegrown,Defender,Transfer_year_2020,Europe,europa_league,right
Age_21_23,Heights_183_188,matches_0_20,goals_0_1,y_card_0_2,Homegrown,Defender,Transfer_year_2020,Europe,champions_league,right
Age_25_28,Heights_178_183,matches_37_56,goals_5_36,y_card_5_18,Homegrown,Forward,Transfer_year_2020,Europe,no_participation,right
Age_21_23,Heights_159_178,matches_30_37,goals_0_1,y_card_2_5,Homegrown,Defender,Transfer_year_2020,Europe,no_participation,left
Age_16_21,Heights_178_183,matches_20_30,goals_5_36,y_card_5_18,Homegrown,Forward,Transfer_year_2020,Europe,no_participation,right
Age_21_23,Heights_188_206,matches_30_37,goals_0_1,y_card_0_2,Homegrown,Goalkeeper,Transfer_year_2020,Europe,no_participation,right
Age_21_23,Heights_183_188,matches_30_37,goals_0_1,y_card_0_2,Homegrown,Forward,Transfer_year_2020,Europe,no_participation,right
Age_21_23,Heights_159_178,matches_30_37,goals_0_1,y_card_0_2,Homegrown,Defender,Transfer_year_2020,Europe,no_participation,left
Age_16_21,Heights_159_178,matches_37_56,goals_0_1,y_card_5_18,Homegrown,Defender,Transfer_year_2020,Europe,no_participation,right
Age_16_21,Heights_178_183,matches_0_20,goals_1_5,y_card_2_5,not_Homegrown,Midfielder,Transfer_year_2020,Africa,no_participation,right
Age_21_23,Heights_159_178,matches_0_20,goals_0_1,y_card_0_2,Homegrown,Defender,Transfer_year_2020,Europe,champions_league,right
Age_16_21,Heights_183_188,matches_30_37,goals_0_1,y_card_2_5,not_Homegrown,Defender,Transfer_year_2020,Africa,no_participation,left
Age_16_21,Heights_178_183,matches_20_30,goals_0_1,y_card_2_5,not_Homegrown,Midfielder,Transfer_year_2020,Europe,no_participation,right
Age_23_25,Heights_183_188,matches_37_56,goals_0_1,y_card_2_5,not_Homegrown,Midfielder,Transfer_year_2020,Europe,no_participation,right
Age_23_25,Heights_159_178,matches_30_37,goals_1_5,y_card_5_18,not_Homegrown,Midfielder,Transfer_year_2020,South_America,champions_league,left
Age_21_23,Heights_159_178,matches_30_37,goals_1_5,y_card_5_18,not_Homegrown,Defender,Transfer_year_2020,Europe,europa_league,left
Age_25_28,Heights_183_188,matches_37_56,goals_5_36,y_card_0_2,Homegrown,Defender,Transfer_year_2020,Europe,europa_league,right
Age_21_23,Heights_188_206,matches_20_30,goals_0_1,y_card_0_2,Homegrown,Defender,Transfer_year_2020,Europe,no_participation,right
Age_21_23,Heights_178_183,matches_37_56,goals_5_36,y_card_2_5,Homegrown,Forward,Transfer_year_2020,Europe,no_participation,right
Age_21_23,Heights_178_183,matches_30_37,goals_5_36,y_card_0_2,Homegrown,Forward,Transfer_year_2020,Africa,no_participation,left
Age_23_25,Heights_159_178,matches_37_56,goals_5_36,y_card_2_5,not_Homegrown,Midfielder,Transfer_year_2020,South_America,no_participation,left
Age_21_23,Heights_188_206,matches_30_37,goals_1_5,y_card_5_18,Homegrown,Defender,Transfer_year_2020,Africa,no_participation,right
Age_28_36,Heights_178_183,matches_0_20,goals_1_5,y_card_0_2,not_Homegrown,Forward,Transfer_year_2020,Europe,no_participation,left
Age_16_21,Heights_178_183,matches_20_30,goals_1_5,y_card_0_2,Homegrown,Forward,Transfer_year_2020,Europe,no_participation,right
Age_23_25,Heights_159_178,matches_0_20,goals_1_5,y_card_0_2,not_Homegrown,Forward,Transfer_year_2020,Africa,no_participation,right
Age_23_25,Heights_188_206,matches_30_37,goals_5_36,y_card_0_2,not_Homegrown,Midfielder,Transfer_year_2020,Europe,champions_league,right
Age_25_28,Heights_159_178,matches_37_56,goals_1_5,y_card_2_5,not_Homegrown,Defender,Transfer_year_2020,Europe,champions_league,right
Age_25_28,Heights_188_206,matches_0_20,goals_5_36,y_card_0_2,not_Homegrown,Forward,Transfer_year_2020,Africa,no_participation,right
Age_21_23,Heights_178_183,matches_0_20,goals_0_1,y_card_0_2,not_Homegrown,Forward,Transfer_year_2020,Europe,no_participation,right
Age_25_28,Heights_178_183,matches_37_56,goals_5_36,y_card_5_18,Homegrown,Forward,Transfer_year_2020,Europe,no_participation,right
Age_23_25,Heights_159_178,matches_30_37,goals_0_1,y_card_5_18,Homegrown,Midfielder,Transfer_year_2020,Europe,no_participation,right
Age_21_23,Heights_183_188,matches_37_56,goals_0_1,y_card_2_5,Homegrown,Defender,Transfer_year_2021,Europe,no_participation,right
Age_21_23,Heights_159_178,matches_20_30,goals_1_5,y_card_0_2,not_Homegrown,Midfielder,Transfer_year_2021,Europe,Multiple,left
Age_21_23,Heights_188_206,matches_37_56,goals_0_1,y_card_0_2,Homegrown,Goalkeeper,Transfer_year_2021,Europe,no_participation,right
Age_21_23,Heights_183_188,matches_30_37,goals_1_5,y_card_2_5,not_Homegrown,Defender,Transfer_year_2021,Asia,no_participation,right
Age_16_21,Heights_178_183,matches_20_30,goals_1_5,y_card_0_2,not_Homegrown,Midfielder,Transfer_year_2021,Europe,no_participation,right
Age_16_21,Heights_178_183,matches_0_20,goals_0_1,y_card_2_5,not_Homegrown,Defender,Transfer_year_2021,Europe,europa_league,left
Age_16_21,Heights_183_188,matches_30_37,goals_5_36,y_card_0_2,Homegrown,Midfielder,Transfer_year_2021,Europe,europa_league,right
Age_23_25,Heights_159_178,matches_37_56,goals_5_36,y_card_5_18,not_Homegrown,Midfielder,Transfer_year_2021,South_America,no_participation,right
Age_21_23,Heights_159_178,matches_37_56,goals_5_36,y_card_5_18,not_Homegrown,Forward,Transfer_year_2021,North_America,europa_league,left
Age_25_28,Heights_159_178,matches_0_20,goals_0_1,y_card_2_5,not_Homegrown,Defender,Transfer_year_2021,Europe,no_participation,left
Age_28_36,Heights_159_178,matches_30_37,goals_5_36,y_card_0_2,Homegrown,Forward,Transfer_year_2021,Europe,no_participation,right
Age_23_25,Heights_178_183,matches_20_30,goals_5_36,y_card_5_18,Homegrown,Forward,Transfer_year_2021,Europe,no_participation,right
Age_25_28,Heights_178_183,matches_20_30,goals_1_5,y_card_0_2,not_Homegrown,Forward,Transfer_year_2021,Africa,no_participation,right
Age_25_28,Heights_188_206,matches_0_20,goals_0_1,y_card_0_2,not_Homegrown,Defender,Transfer_year_2021,Europe,no_participation,right
Age_21_23,Heights_188_206,matches_37_56,goals_1_5,y_card_0_2,not_Homegrown,Defender,Transfer_year_2021,Europe,europa_league,right
Age_21_23,Heights_178_183,matches_30_37,goals_1_5,y_card_5_18,not_Homegrown,Midfielder,Transfer_year_2021,Africa,champions_league,right
Age_23_25,Heights_159_178,matches_37_56,goals_5_36,y_card_0_2,not_Homegrown,Forward,Transfer_year_2021,Africa,no_participation,right
Age_21_23,Heights_183_188,matches_30_37,goals_1_5,y_card_2_5,not_Homegrown,Midfielder,Transfer_year_2021,Africa,Multiple,right
Age_21_23,Heights_159_178,matches_37_56,goals_1_5,y_card_5_18,not_Homegrown,Defender,Transfer_year_2021,Europe,no_participation,left
Age_16_21,Heights_178_183,matches_0_20,goals_1_5,y_card_0_2,not_Homegrown,Midfielder,Transfer_year_2021,Europe,no_participation,right
Age_16_21,Heights_183_188,matches_30_37,goals_5_36,y_card_5_18,not_Homegrown,Forward,Transfer_year_2021,Africa,europa_league,right
Age_16_21,Heights_188_206,matches_0_20,goals_0_1,y_card_0_2,not_Homegrown,Goalkeeper,Transfer_year_2021,Europe,europa_league,right
Age_23_25,Heights_159_178,matches_0_20,goals_5_36,y_card_0_2,not_Homegrown,Forward,Transfer_year_2021,Asia,no_participation,right
Age_28_36,Heights_188_206,matches_0_20,goals_0_1,y_card_2_5,Homegrown,Defender,Transfer_year_2021,Europe,no_participation,left
Age_25_28,Heights_159_178,matches_0_20,goals_1_5,y_card_0_2,not_Homegrown,Forward,Transfer_year_2021,Africa,no_participation,left
Age_21_23,Heights_188_206,matches_30_37,goals_1_5,y_card_0_2,not_Homegrown,Forward,Transfer_year_2021,Europe,no_participation,right
Age_25_28,Heights_178_183,matches_20_30,goals_1_5,y_card_2_5,not_Homegrown,Forward,Transfer_year_2021,Asia,no_participation,right
Age_28_36,Heights_188_206,matches_20_30,goals_5_36,y_card_2_5,not_Homegrown,Forward,Transfer_year_2021,Europe,champions_league,right
Age_23_25,Heights_178_183,matches_37_56,goals_1_5,y_card_2_5,not_Homegrown,Forward,Transfer_year_2021,Africa,no_participation,left
Age_16_21,Heights_188_206,matches_20_30,goals_1_5,y_card_2_5,Homegrown,Defender,Transfer_year_2021,Europe,no_participation,right
Age_23_25,Heights_159_178,matches_37_56,goals_1_5,y_card_5_18,Homegrown,Defender,Transfer_year_2021,Europe,no_participation,right
Age_28_36,Heights_188_206,matches_20_30,goals_1_5,y_card_0_2,Homegrown,Forward,Transfer_year_2021,Oceania,no_participation,right
Age_25_28,Heights_183_188,matches_20_30,goals_0_1,y_card_2_5,Homegrown,Defender,Transfer_year_2021,Europe,no_participation,left
Age_16_21,Heights_159_178,matches_20_30,goals_0_1,y_card_0_2,Homegrown,Midfielder,Transfer_year_2021,Europe,no_participation,right
Age_25_28,Heights_188_206,matches_37_56,goals_5_36,y_card_5_18,not_Homegrown,Forward,Transfer_year_2021,Europe,champions_league,left
Age_21_23,Heights_188_206,matches_30_37,goals_5_36,y_card_0_2,Homegrown,Forward,Transfer_year_2021,Europe,champions_league,right
Age_21_23,Heights_183_188,matches_20_30,goals_0_1,y_card_0_2,Homegrown,Defender,Transfer_year_2021,Europe,europa_league,right
Age_25_28,Heights_188_206,matches_30_37,goals_1_5,y_card_2_5,not_Homegrown,Defender,Transfer_year_2021,Europe,champions_league,right
Age_16_21,Heights_178_183,matches_37_56,goals_0_1,y_card_5_18,Homegrown,Defender,Transfer_year_2021,Europe,no_participation,right
Age_28_36,Heights_178_183,matches_20_30,goals_1_5,y_card_2_5,not_Homegrown,Midfielder,Transfer_year_2021,Europe,no_participation,right
Age_28_36,Heights_159_178,matches_0_20,goals_1_5,y_card_2_5,Homegrown,Forward,Transfer_year_2021,Africa,no_participation,right
Age_28_36,Heights_188_206,matches_30_37,goals_5_36,y_card_0_2,not_Homegrown,Forward,Transfer_year_2021,Europe,champions_league,left
Age_23_25,Heights_188_206,matches_30_37,goals_0_1,y_card_5_18,not_Homegrown,Defender,Transfer_year_2021,Europe,no_participation,right
Age_21_23,Heights_183_188,matches_30_37,goals_5_36,y_card_0_2,not_Homegrown,Forward,Transfer_year_2021,Europe,europa_league,right
Age_16_21,Heights_183_188,matches_37_56,goals_5_36,y_card_2_5,Homegrown,Forward,Transfer_year_2021,Europe,no_participation,left
Age_25_28,Heights_183_188,matches_30_37,goals_1_5,y_card_5_18,Homegrown,Midfielder,Transfer_year_2021,Europe,no_participation,left
Age_21_23,Heights_178_183,matches_0_20,goals_0_1,y_card_0_2,not_Homegrown,Defender,Transfer_year_2021,Europe,champions_league,left
Age_16_21,Heights_188_206,matches_0_20,goals_0_1,y_card_0_2,not_Homegrown,Defender,Transfer_year_2021,Europe,europa_league,right
Age_23_25,Heights_178_183,matches_0_20,goals_1_5,y_card_0_2,Homegrown,Forward,Transfer_year_2021,North_America,europa_league,right
Age_28_36,Heights_178_183,matches_20_30,goals_5_36,y_card_2_5,not_Homegrown,Midfielder,Transfer_year_2021,South_America,no_participation,left
Age_25_28,Heights_159_178,matches_0_20,goals_1_5,y_card_0_2,not_Homegrown,Forward,Transfer_year_2021,South_America,no_participation,right
Age_21_23,Heights_159_178,matches_20_30,goals_1_5,y_card_2_5,Homegrown,Forward,Transfer_year_2021,Europe,Multiple,right
Age_23_25,Heights_183_188,matches_0_20,goals_0_1,y_card_2_5,not_Homegrown,Defender,Transfer_year_2021,North_America,champions_league,left
Age_23_25,Heights_159_178,matches_37_56,goals_5_36,y_card_0_2,Homegrown,Forward,Transfer_year_2021,Europe,no_participation,left
Age_16_21,Heights_188_206,matches_0_20,goals_0_1,y_card_0_2,not_Homegrown,Goalkeeper,Transfer_year_2021,Europe,no_participation,left
Age_21_23,Heights_178_183,matches_30_37,goals_5_36,y_card_2_5,not_Homegrown,Forward,Transfer_year_2021,Africa,Multiple,right
Age_21_23,Heights_183_188,matches_37_56,goals_0_1,y_card_2_5,not_Homegrown,Midfielder,Transfer_year_2021,Europe,europa_league,right
Age_28_36,Heights_188_206,matches_30_37,goals_1_5,y_card_2_5,not_Homegrown,Defender,Transfer_year_2021,Europe,no_participation,both
Age_28_36,Heights_178_183,matches_30_37,goals_5_36,y_card_2_5,not_Homegrown,Forward,Transfer_year_2021,Africa,no_participation,left
Age_23_25,Heights_178_183,matches_20_30,goals_5_36,y_card_2_5,not_Homegrown,Forward,Transfer_year_2021,South_America,champions_league,right
Age_21_23,Heights_188_206,matches_20_30,goals_0_1,y_card_2_5,not_Homegrown,Defender,Transfer_year_2021,Europe,champions_league,right
Age_23_25,Heights_159_178,matches_37_56,goals_5_36,y_card_2_5,Homegrown,Forward,Transfer_year_2021,Europe,no_participation,left
Age_21_23,Heights_178_183,matches_20_30,goals_1_5,y_card_0_2,not_Homegrown,Forward,Transfer_year_2021,Africa,no_participation,right
Age_28_36,Heights_159_178,matches_20_30,goals_0_1,y_card_0_2,not_Homegrown,Midfielder,Transfer_year_2021,Europe,champions_league,left
Age_16_21,Heights_183_188,matches_0_20,goals_1_5,y_card_0_2,not_Homegrown,Forward,Transfer_year_2021,Europe,champions_league,right
Age_23_25,Heights_159_178,matches_30_37,goals_5_36,y_card_2_5,not_Homegrown,Defender,Transfer_year_2021,Europe,champions_league,left
Age_21_23,Heights_183_188,matches_30_37,goals_5_36,y_card_2_5,Homegrown,Forward,Transfer_year_2021,Europe,no_participation,right
Age_16_21,Heights_178_183,matches_37_56,goals_5_36,y_card_0_2,not_Homegrown,Forward,Transfer_year_2021,Europe,champions_league,right
Age_25_28,Heights_188_206,matches_37_56,goals_1_5,y_card_2_5,not_Homegrown,Defender,Transfer_year_2021,Europe,champions_league,right
Age_28_36,Heights_183_188,matches_37_56,goals_5_36,y_card_2_5,not_Homegrown,Forward,Transfer_year_2021,Europe,champions_league,right
Age_23_25,Heights_178_183,matches_20_30,goals_0_1,y_card_0_2,not_Homegrown,Midfielder,Transfer_year_2021,South_America,europa_league,right
Age_28_36,Heights_159_178,matches_0_20,goals_0_1,y_card_0_2,Homegrown,Defender,Transfer_year_2021,Europe,champions_league,right
Age_23_25,Heights_159_178,matches_20_30,goals_1_5,y_card_0_2,not_Homegrown,Forward,Transfer_year_2021,Europe,no_participation,right
Age_16_21,Heights_178_183,matches_37_56,goals_5_36,y_card_0_2,not_Homegrown,Forward,Transfer_year_2021,Europe,europa_league,right
Age_16_21,Heights_183_188,matches_30_37,goals_5_36,y_card_5_18,not_Homegrown,Forward,Transfer_year_2021,North_America,no_participation,right
Age_23_25,Heights_159_178,matches_30_37,goals_0_1,y_card_5_18,not_Homegrown,Defender,Transfer_year_2021,Europe,europa_league,left
Age_23_25,Heights_188_206,matches_0_20,goals_0_1,y_card_0_2,Homegrown,Goalkeeper,Transfer_year_2021,Europe,no_participation,right
Age_25_28,Heights_183_188,matches_30_37,goals_1_5,y_card_2_5,not_Homegrown,Midfielder,Transfer_year_2021,Europe,europa_league,right
Age_23_25,Heights_159_178,matches_37_56,goals_5_36,y_card_2_5,Homegrown,Forward,Transfer_year_2021,Europe,no_participation,right
Age_21_23,Heights_159_178,matches_30_37,goals_1_5,y_card_2_5,not_Homegrown,Defender,Transfer_year_2021,Europe,no_participation,left
Age_23_25,Heights_183_188,matches_20_30,goals_0_1,y_card_5_18,not_Homegrown,Defender,Transfer_year_2021,South_America,no_participation,right
Age_25_28,Heights_183_188,matches_20_30,goals_0_1,y_card_2_5,not_Homegrown,Midfielder,Transfer_year_2021,Africa,no_participation,right
Age_16_21,Heights_159_178,matches_0_20,goals_0_1,y_card_0_2,Homegrown,Forward,Transfer_year_2021,Europe,no_participation,right
Age_16_21,Heights_159_178,matches_20_30,goals_1_5,y_card_5_18,not_Homegrown,Forward,Transfer_year_2021,Europe,no_participation,left
Age_21_23,Heights_178_183,matches_37_56,goals_1_5,y_card_5_18,not_Homegrown,Defender,Transfer_year_2021,South_America,no_participation,right
Age_23_25,Heights_183_188,matches_20_30,goals_0_1,y_card_0_2,not_Homegrown,Midfielder,Transfer_year_2021,South_America,champions_league,right
Age_16_21,Heights_183_188,matches_20_30,goals_1_5,y_card_2_5,not_Homegrown,Midfielder,Transfer_year_2021,Africa,no_participation,right
Age_21_23,Heights_183_188,matches_30_37,goals_0_1,y_card_5_18,not_Homegrown,Defender,Transfer_year_2021,South_America,europa_league,right
Age_28_36,Heights_183_188,matches_30_37,goals_0_1,y_card_2_5,not_Homegrown,Defender,Transfer_year_2021,Europe,europa_league,right
Age_28_36,Heights_183_188,matches_37_56,goals_0_1,y_card_2_5,not_Homegrown,Midfielder,Transfer_year_2021,Europe,europa_league,right
Age_28_36,Heights_188_206,matches_0_20,goals_0_1,y_card_0_2,Homegrown,Goalkeeper,Transfer_year_2021,Europe,europa_league,right
Age_21_23,Heights_159_178,matches_30_37,goals_5_36,y_card_2_5,not_Homegrown,Midfielder,Transfer_year_2021,Africa,no_participation,left
Age_25_28,Heights_183_188,matches_0_20,goals_0_1,y_card_2_5,not_Homegrown,Defender,Transfer_year_2021,South_America,no_participation,left
Age_21_23,Heights_178_183,matches_0_20,goals_1_5,y_card_2_5,not_Homegrown,Midfielder,Transfer_year_2021,Africa,no_participation,left
Age_25_28,Heights_159_178,matches_0_20,goals_0_1,y_card_0_2,not_Homegrown,Defender,Transfer_year_2021,Africa,no_participation,left
Age_21_23,Heights_159_178,matches_20_30,goals_1_5,y_card_2_5,not_Homegrown,Forward,Transfer_year_2021,Africa,champions_league,right
Age_23_25,Heights_159_178,matches_0_20,goals_0_1,y_card_0_2,not_Homegrown,Forward,Transfer_year_2021,Africa,no_participation,right
Age_28_36,Heights_183_188,matches_20_30,goals_1_5,y_card_2_5,Homegrown,Defender,Transfer_year_2021,Europe,no_participation,right
Age_23_25,Heights_178_183,matches_0_20,goals_0_1,y_card_0_2,not_Homegrown,Forward,Transfer_year_2021,Africa,no_participation,right
Age_16_21,Heights_183_188,matches_20_30,goals_0_1,y_card_2_5,Homegrown,Defender,Transfer_year_2021,Europe,no_participation,right
Age_21_23,Heights_178_183,matches_30_37,goals_5_36,y_card_2_5,not_Homegrown,Midfielder,Transfer_year_2021,Europe,europa_league,right
Age_25_28,Heights_159_178,matches_0_20,goals_0_1,y_card_0_2,not_Homegrown,Forward,Transfer_year_2021,South_America,champions_league,right
Age_21_23,Heights_188_206,matches_0_20,goals_0_1,y_card_0_2,not_Homegrown,Defender,Transfer_year_2021,Europe,no_participation,right
Age_23_25,Heights_159_178,matches_20_30,goals_1_5,y_card_2_5,not_Homegrown,Forward,Transfer_year_2021,Europe,no_participation,right
Age_23_25,Heights_159_178,matches_37_56,goals_5_36,y_card_2_5,not_Homegrown,Forward,Transfer_year_2022,South_America,champions_league,right
Age_21_23,Heights_159_178,matches_30_37,goals_5_36,y_card_2_5,not_Homegrown,Midfielder,Transfer_year_2022,Europe,Multiple,left
Age_23_25,Heights_159_178,matches_20_30,goals_0_1,y_card_0_2,not_Homegrown,Defender,Transfer_year_2022,Europe,champions_league,left
Age_25_28,Heights_159_178,matches_0_20,goals_5_36,y_card_0_2,not_Homegrown,Forward,Transfer_year_2022,Europe,europa_league,right
Age_21_23,Heights_188_206,matches_20_30,goals_0_1,y_card_2_5,not_Homegrown,Defender,Transfer_year_2022,Europe,europa_league,left
Age_28_36,Heights_159_178,matches_20_30,goals_1_5,y_card_2_5,not_Homegrown,Midfielder,Transfer_year_2022,Europe,champions_league,right
Age_25_28,Heights_188_206,matches_0_20,goals_0_1,y_card_0_2,not_Homegrown,Goalkeeper,Transfer_year_2022,North_America,no_participation,right
Age_16_21,Heights_159_178,matches_0_20,goals_0_1,y_card_0_2,not_Homegrown,Forward,Transfer_year_2022,South_America,no_participation,left
Age_21_23,Heights_183_188,matches_37_56,goals_1_5,y_card_5_18,not_Homegrown,Midfielder,Transfer_year_2022,Europe,europa_league,right
Age_25_28,Heights_159_178,matches_30_37,goals_1_5,y_card_5_18,not_Homegrown,Midfielder,Transfer_year_2022,South_America,no_participation,right
Age_28_36,Heights_188_206,matches_0_20,goals_0_1,y_card_0_2,not_Homegrown,Goalkeeper,Transfer_year_2022,Europe,no_participation,right
Age_23_25,Heights_188_206,matches_30_37,goals_1_5,y_card_2_5,not_Homegrown,Defender,Transfer_year_2022,Europe,no_participation,right
Age_28_36,Heights_183_188,matches_37_56,goals_1_5,y_card_5_18,not_Homegrown,Defender,Transfer_year_2022,South_America,Multiple,right
Age_16_21,Heights_183_188,matches_20_30,goals_5_36,y_card_5_18,not_Homegrown,Forward,Transfer_year_2022,South_America,no_participation,left
Age_28_36,Heights_159_178,matches_30_37,goals_5_36,y_card_0_2,not_Homegrown,Midfielder,Transfer_year_2022,South_America,champions_league,right
Age_25_28,Heights_183_188,matches_30_37,goals_1_5,y_card_2_5,not_Homegrown,Midfielder,Transfer_year_2022,Europe,no_participation,right
Age_28_36,Heights_178_183,matches_0_20,goals_0_1,y_card_0_2,not_Homegrown,Defender,Transfer_year_2022,Europe,europa_league,left
Age_28_36,Heights_188_206,matches_0_20,goals_0_1,y_card_0_2,not_Homegrown,Goalkeeper,Transfer_year_2022,Europe,no_participation,right
Age_16_21,Heights_183_188,matches_20_30,goals_1_5,y_card_0_2,Homegrown,Midfielder,Transfer_year_2022,Europe,no_participation,right
Age_25_28,Heights_178_183,matches_30_37,goals_0_1,y_card_2_5,Homegrown,Defender,Transfer_year_2022,Europe,no_participation,left
Age_28_36,Heights_159_178,matches_20_30,goals_5_36,y_card_2_5,Homegrown,Forward,Transfer_year_2022,Europe,no_participation,right
Age_25_28,Heights_178_183,matches_0_20,goals_5_36,y_card_0_2,not_Homegrown,Forward,Transfer_year_2022,Africa,no_participation,right
Age_25_28,Heights_188_206,matches_0_20,goals_1_5,y_card_0_2,not_Homegrown,Forward,Transfer_year_2022,Europe,no_participation,right
Age_16_21,Heights_188_206,matches_0_20,goals_0_1,y_card_2_5,not_Homegrown,Defender,Transfer_year_2022,Europe,europa_league,right
Age_16_21,Heights_159_178,matches_0_20,goals_5_36,y_card_2_5,not_Homegrown,Forward,Transfer_year_2022,Africa,no_participation,left
Age_23_25,Heights_183_188,matches_37_56,goals_1_5,y_card_5_18,not_Homegrown,Defender,Transfer_year_2022,South_America,no_participation,left
Age_21_23,Heights_159_178,matches_37_56,goals_1_5,y_card_5_18,Homegrown,Midfielder,Transfer_year_2022,Europe,no_participation,left
Age_21_23,Heights_183_188,matches_20_30,goals_5_36,y_card_5_18,Homegrown,Midfielder,Transfer_year_2022,Africa,no_participation,right
Age_16_21,Heights_159_178,matches_37_56,goals_5_36,y_card_2_5,Homegrown,Forward,Transfer_year_2022,Europe,no_participation,right
Age_21_23,Heights_178_183,matches_0_20,goals_0_1,y_card_0_2,not_Homegrown,Midfielder,Transfer_year_2022,Europe,no_participation,right
Age_16_21,Heights_183_188,matches_30_37,goals_1_5,y_card_5_18,not_Homegrown,Defender,Transfer_year_2022,Europe,no_participation,both
Age_21_23,Heights_178_183,matches_20_30,goals_5_36,y_card_0_2,Homegrown,Forward,Transfer_year_2022,Europe,no_participation,right
Age_23_25,Heights_159_178,matches_37_56,goals_0_1,y_card_2_5,not_Homegrown,Defender,Transfer_year_2022,South_America,champions_league,left
Age_16_21,Heights_159_178,matches_0_20,goals_5_36,y_card_0_2,not_Homegrown,Midfielder,Transfer_year_2022,South_America,no_participation,right
Age_16_21,Heights_159_178,matches_20_30,goals_0_1,y_card_0_2,Homegrown,Midfielder,Transfer_year_2022,Europe,no_participation,right
Age_16_21,Heights_159_178,matches_30_37,goals_5_36,y_card_2_5,not_Homegrown,Forward,Transfer_year_2022,Africa,no_participation,right
Age_16_21,Heights_159_178,matches_30_37,goals_1_5,y_card_5_18,not_Homegrown,Midfielder,Transfer_year_2022,South_America,no_participation,left
Age_16_21,Heights_159_178,matches_20_30,goals_1_5,y_card_5_18,not_Homegrown,Midfielder,Transfer_year_2022,Europe,no_participation,right
Age_23_25,Heights_159_178,matches_37_56,goals_0_1,y_card_5_18,not_Homegrown,Defender,Transfer_year_2022,Europe,no_participation,left
Age_23_25,Heights_178_183,matches_20_30,goals_1_5,y_card_5_18,not_Homegrown,Midfielder,Transfer_year_2022,Africa,no_participation,right
Age_25_28,Heights_159_178,matches_30_37,goals_5_36,y_card_5_18,not_Homegrown,Forward,Transfer_year_2022,Europe,no_participation,right
Age_21_23,Heights_178_183,matches_30_37,goals_1_5,y_card_5_18,not_Homegrown,Defender,Transfer_year_2022,Europe,no_participation,right
Age_23_25,Heights_183_188,matches_30_37,goals_0_1,y_card_2_5,Homegrown,Defender,Transfer_year_2022,Europe,no_participation,left
Age_21_23,Heights_159_178,matches_37_56,goals_5_36,y_card_5_18,not_Homegrown,Midfielder,Transfer_year_2022,South_America,champions_league,right
Age_16_21,Heights_183_188,matches_0_20,goals_0_1,y_card_2_5,not_Homegrown,Defender,Transfer_year_2022,Europe,no_participation,right
Age_21_23,Heights_159_178,matches_0_20,goals_5_36,y_card_2_5,not_Homegrown,Forward,Transfer_year_2022,Europe,champions_league,right
Age_25_28,Heights_159_178,matches_37_56,goals_5_36,y_card_0_2,Homegrown,Forward,Transfer_year_2022,Europe,champions_league,right
Age_28_36,Heights_183_188,matches_30_37,goals_1_5,y_card_5_18,not_Homegrown,Defender,Transfer_year_2022,Africa,europa_league,right
Age_16_21,Heights_188_206,matches_0_20,goals_1_5,y_card_2_5,not_Homegrown,Defender,Transfer_year_2022,Europe,europa_league,left
Age_16_21,Heights_178_183,matches_0_20,goals_0_1,y_card_0_2,Homegrown,Forward,Transfer_year_2022,Europe,europa_league,left
Age_28_36,Heights_183_188,matches_37_56,goals_5_36,y_card_2_5,not_Homegrown,Forward,Transfer_year_2022,Africa,europa_league,right
Age_16_21,Heights_178_183,matches_30_37,goals_5_36,y_card_2_5,not_Homegrown,Forward,Transfer_year_2022,Africa,no_participation,right
Age_16_21,Heights_188_206,matches_30_37,goals_0_1,y_card_0_2,not_Homegrown,Goalkeeper,Transfer_year_2022,North_America,no_participation,right
Age_25_28,Heights_178_183,matches_30_37,goals_5_36,y_card_0_2,not_Homegrown,Forward,Transfer_year_2022,Europe,champions_league,right
Age_25_28,Heights_159_178,matches_30_37,goals_0_1,y_card_2_5,not_Homegrown,Defender,Transfer_year_2022,Europe,europa_league,left
Age_25_28,Heights_183_188,matches_37_56,goals_5_36,y_card_5_18,not_Homegrown,Forward,Transfer_year_2022,Europe,champions_league,right
Age_25_28,Heights_178_183,matches_0_20,goals_0_1,y_card_0_2,not_Homegrown,Forward,Transfer_year_2022,South_America,no_participation,left
Age_21_23,Heights_178_183,matches_30_37,goals_0_1,y_card_5_18,not_Homegrown,Midfielder,Transfer_year_2022,Africa,no_participation,right
Age_21_23,Heights_183_188,matches_20_30,goals_0_1,y_card_0_2,not_Homegrown,Defender,Transfer_year_2022,North_America,no_participation,right
Age_16_21,Heights_178_183,matches_0_20,goals_1_5,y_card_2_5,not_Homegrown,Midfielder,Transfer_year_2022,Europe,no_participation,right
Age_28_36,Heights_188_206,matches_30_37,goals_1_5,y_card_2_5,not_Homegrown,Forward,Transfer_year_2022,Europe,no_participation,right
Age_16_21,Heights_188_206,matches_37_56,goals_1_5,y_card_0_2,not_Homegrown,Midfielder,Transfer_year_2022,Europe,champions_league,right
Age_21_23,Heights_178_183,matches_37_56,goals_0_1,y_card_0_2,Homegrown,Midfielder,Transfer_year_2022,Europe,no_participation,left
Age_16_21,Heights_178_183,matches_37_56,goals_1_5,y_card_5_18,Homegrown,Midfielder,Transfer_year_2022,Europe,no_participation,right
Age_28_36,Heights_159_178,matches_30_37,goals_1_5,y_card_2_5,not_Homegrown,Midfielder,Transfer_year_2022,Africa,champions_league,right
Age_23_25,Heights_183_188,matches_30_37,goals_5_36,y_card_5_18,not_Homegrown,Forward,Transfer_year_2022,South_America,no_participation,right
Age_16_21,Heights_178_183,matches_0_20,goals_1_5,y_card_5_18,Homegrown,Forward,Transfer_year_2022,Europe,no_participation,right
Age_25_28,Heights_188_206,matches_30_37,goals_1_5,y_card_5_18,not_Homegrown,Midfielder,Transfer_year_2022,Europe,champions_league,right
Age_23_25,Heights_188_206,matches_20_30,goals_0_1,y_card_0_2,not_Homegrown,Defender,Transfer_year_2022,Europe,europa_league,right
Age_25_28,Heights_178_183,matches_0_20,goals_1_5,y_card_2_5,not_Homegrown,Midfielder,Transfer_year_2022,Europe,no_participation,right
Age_25_28,Heights_183_188,matches_30_37,goals_0_1,y_card_5_18,not_Homegrown,Defender,Transfer_year_2022,Europe,champions_league,right
Age_25_28,Heights_188_206,matches_30_37,goals_5_36,y_card_5_18,not_Homegrown,Forward,Transfer_year_2022,South_America,europa_league,left
Age_25_28,Heights_183_188,matches_30_37,goals_0_1,y_card_5_18,not_Homegrown,Midfielder,Transfer_year_2022,Africa,europa_league,right
Age_16_21,Heights_159_178,matches_37_56,goals_5_36,y_card_5_18,Homegrown,Midfielder,Transfer_year_2022,Europe,no_participation,right
Age_16_21,Heights_178_183,matches_0_20,goals_1_5,y_card_0_2,not_Homegrown,Forward,Transfer_year_2022,Europe,no_participation,left
Age_16_21,Heights_159_178,matches_30_37,goals_1_5,y_card_0_2,not_Homegrown,Midfielder,Transfer_year_2022,North_America,champions_league,right
Age_21_23,Heights_159_178,matches_37_56,goals_5_36,y_card_0_2,not_Homegrown,Forward,Transfer_year_2022,South_America,no_participation,right
Age_21_23,Heights_159_178,matches_30_37,goals_0_1,y_card_5_18,not_Homegrown,Midfielder,Transfer_year_2022,North_America,Multiple,right
Age_23_25,Heights_183_188,matches_30_37,goals_5_36,y_card_0_2,not_Homegrown,Defender,Transfer_year_2022,Europe,champions_league,right
Age_23_25,Heights_183_188,matches_0_20,goals_0_1,y_card_0_2,not_Homegrown,Midfielder,Transfer_year_2022,Europe,champions_league,left
Age_23_25,Heights_183_188,matches_0_20,goals_0_1,y_card_0_2,not_Homegrown,Defender,Transfer_year_2022,Europe,champions_league,left
Age_16_21,Heights_159_178,matches_30_37,goals_5_36,y_card_5_18,not_Homegrown,Forward,Transfer_year_2022,Europe,no_participation,right
Age_23_25,Heights_159_178,matches_30_37,goals_5_36,y_card_5_18,not_Homegrown,Forward,Transfer_year_2022,South_America,no_participation,left
Age_25_28,Heights_178_183,matches_20_30,goals_0_1,y_card_2_5,Homegrown,Midfielder,Transfer_year_2022,Europe,no_participation,right
Age_21_23,Heights_178_183,matches_0_20,goals_0_1,y_card_0_2,Homegrown,Defender,Transfer_year_2022,Europe,no_participation,left
Age_16_21,Heights_159_178,matches_20_30,goals_1_5,y_card_0_2,not_Homegrown,Midfielder,Transfer_year_2022,Europe,no_participation,right
Age_23_25,Heights_183_188,matches_37_56,goals_1_5,y_card_0_2,not_Homegrown,Defender,Transfer_year_2022,Europe,no_participation,right
Age_23_25,Heights_188_206,matches_0_20,goals_0_1,y_card_2_5,Homegrown,Defender,Transfer_year_2022,Oceania,no_participation,right
Age_16_21,Heights_178_183,matches_20_30,goals_0_1,y_card_5_18,not_Homegrown,Defender,Transfer_year_2022,Europe,champions_league,left
Age_28_36,Heights_188_206,matches_37_56,goals_0_1,y_card_0_2,Homegrown,Goalkeeper,Transfer_year_2022,Europe,europa_league,right
Age_21_23,Heights_183_188,matches_37_56,goals_5_36,y_card_5_18,not_Homegrown,Forward,Transfer_year_2022,South_America,champions_league,right
Age_21_23,Heights_188_206,matches_0_20,goals_5_36,y_card_0_2,not_Homegrown,Forward,Transfer_year_2022,Europe,europa_league,right
Age_28_36,Heights_159_178,matches_37_56,goals_5_36,y_card_5_18,not_Homegrown,Forward,Transfer_year_2022,Africa,champions_league,right
Age_16_21,Heights_178_183,matches_20_30,goals_1_5,y_card_0_2,Homegrown,Defender,Transfer_year_2022,Europe,champions_league,right
Age_25_28,Heights_159_178,matches_20_30,goals_5_36,y_card_0_2,not_Homegrown,Forward,Transfer_year_2022,Asia,champions_league,right
Age_25_28,Heights_188_206,matches_20_30,goals_0_1,y_card_5_18,not_Homegrown,Midfielder,Transfer_year_2022,Europe,Multiple,right
Age_25_28,Heights_183_188,matches_37_56,goals_0_1,y_card_5_18,Homegrown,Defender,Transfer_year_2022,Europe,no_participation,left
Age_16_21,Heights_188_206,matches_20_30,goals_5_36,y_card_2_5,not_Homegrown,Forward,Transfer_year_2022,Europe,champions_league,left
Age_25_28,Heights_183_188,matches_30_37,goals_0_1,y_card_2_5,not_Homegrown,Defender,Transfer_year_2022,Europe,Multiple,right
Age_16_21,Heights_159_178,matches_30_37,goals_1_5,y_card_2_5,not_Homegrown,Forward,Transfer_year_2022,Europe,no_participation,left
Age_16_21,Heights_159_178,matches_30_37,goals_1_5,y_card_5_18,not_Homegrown,Midfielder,Transfer_year_2022,South_America,no_participation,left
Age_21_23,Heights_159_178,matches_20_30,goals_1_5,y_card_5_18,not_Homegrown,Defender,Transfer_year_2022,Europe,champions_league,right
Age_23_25,Heights_183_188,matches_30_37,goals_1_5,y_card_2_5,not_Homegrown,Defender,Transfer_year_2022,Asia,no_participation,right
Age_21_23,Heights_188_206,matches_30_37,goals_0_1,y_card_2_5,Homegrown,Goalkeeper,Transfer_year_2022,Europe,no_participation,right
Age_21_23,Heights_159_178,matches_20_30,goals_5_36,y_card_5_18,not_Homegrown,Forward,Transfer_year_2022,South_America,champions_league,left
Age_28_36,Heights_183_188,matches_37_56,goals_0_1,y_card_5_18,not_Homegrown,Midfielder,Transfer_year_2022,South_America,champions_league,right
Age_23_25,Heights_159_178,matches_30_37,goals_0_1,y_card_2_5,not_Homegrown,Defender,Transfer_year_2022,South_America,champions_league,left
Age_21_23,Heights_159_178,matches_37_56,goals_0_1,y_card_5_18,not_Homegrown,Defender,Transfer_year_2022,Europe,no_participation,left
Age_21_23,Heights_183_188,matches_20_30,goals_1_5,y_card_0_2,Homegrown,Forward,Transfer_year_2022,Europe,no_participation,left
Age_21_23,Heights_188_206,matches_37_56,goals_5_36,y_card_5_18,not_Homegrown,Forward,Transfer_year_2022,Europe,europa_league,right
Age_21_23,Heights_188_206,matches_30_37,goals_1_5,y_card_2_5,not_Homegrown,Defender,Transfer_year_2022,Europe,champions_league,left
Age_28_36,Heights_188_206,matches_37_56,goals_0_1,y_card_0_2,Homegrown,Goalkeeper,Transfer_year_2022,Europe,no_participation,right
Age_16_21,Heights_178_183,matches_0_20,goals_0_1,y_card_0_2,Homegrown,Defender,Transfer_year_2022,Europe,no_participation,right
Age_28_36,Heights_183_188,matches_0_20,goals_0_1,y_card_0_2,Homegrown,Midfielder,Transfer_year_2022,Europe,no_participation,right
Age_21_23,Heights_159_178,matches_37_56,goals_5_36,y_card_5_18,Homegrown,Midfielder,Transfer_year_2022,Europe,no_participation,right
Age_23_25,Heights_178_183,matches_37_56,goals_5_36,y_card_2_5,not_Homegrown,Forward,Transfer_year_2022,Africa,no_participation,right
Age_23_25,Heights_159_178,matches_30_37,goals_5_36,y_card_5_18,not_Homegrown,Forward,Transfer_year_2022,Africa,no_participation,right
Age_25_28,Heights_188_206,matches_30_37,goals_1_5,y_card_0_2,not_Homegrown,Defender,Transfer_year_2022,Africa,no_participation,left
Age_23_25,Heights_159_178,matches_20_30,goals_0_1,y_card_2_5,not_Homegrown,Midfielder,Transfer_year_2022,Europe,no_participation,right
Age_21_23,Heights_183_188,matches_30_37,goals_0_1,y_card_5_18,not_Homegrown,Defender,Transfer_year_2022,Europe,no_participation,right
Age_21_23,Heights_159_178,matches_37_56,goals_1_5,y_card_5_18,Homegrown,Midfielder,Transfer_year_2022,Europe,no_participation,left
Age_23_25,Heights_159_178,matches_0_20,goals_0_1,y_card_0_2,Homegrown,Defender,Transfer_year_2022,Europe,champions_league,left
Age_28_36,Heights_178_183,matches_37_56,goals_1_5,y_card_5_18,not_Homegrown,Midfielder,Transfer_year_2022,Europe,Multiple,right
Age_28_36,Heights_183_188,matches_30_37,goals_5_36,y_card_2_5,not_Homegrown,Forward,Transfer_year_2022,Asia,no_participation,both
Age_28_36,Heights_188_206,matches_0_20,goals_0_1,y_card_0_2,not_Homegrown,Defender,Transfer_year_2022,Africa,no_participation,right
Age_25_28,Heights_178_183,matches_37_56,goals_5_36,y_card_2_5,Homegrown,Defender,Transfer_year_2022,Europe,no_participation,left
Age_28_36,Heights_188_206,matches_0_20,goals_0_1,y_card_0_2,not_Homegrown,Defender,Transfer_year_2022,South_America,champions_league,right
Age_21_23,Heights_183_188,matches_37_56,goals_5_36,y_card_5_18,Homegrown,Forward,Transfer_year_2022,Europe,no_participation,left
Age_25_28,Heights_183_188,matches_37_56,goals_0_1,y_card_5_18,not_Homegrown,Goalkeeper,Transfer_year_2022,Europe,no_participation,left
Age_16_21,Heights_159_178,matches_0_20,goals_0_1,y_card_0_2,not_Homegrown,Forward,Transfer_year_2022,Africa,europa_league,right
Age_16_21,Heights_178_183,matches_20_30,goals_0_1,y_card_2_5,Homegrown,Midfielder,Transfer_year_2022,Europe,no_participation,right
Age_25_28,Heights_188_206,matches_0_20,goals_5_36,y_card_2_5,not_Homegrown,Forward,Transfer_year_2022,Africa,no_participation,right
Age_16_21,Heights_183_188,matches_37_56,goals_0_1,y_card_0_2,Homegrown,Goalkeeper,Transfer_year_2022,Europe,no_participation,right
Age_16_21,Heights_159_178,matches_37_56,goals_5_36,y_card_5_18,not_Homegrown,Midfielder,Transfer_year_2022,South_America,no_participation,right
Age_16_21,Heights_188_206,matches_20_30,goals_0_1,y_card_2_5,not_Homegrown,Defender,Transfer_year_2022,Europe,no_participation,right
Age_16_21,Heights_178_183,matches_20_30,goals_5_36,y_card_0_2,not_Homegrown,Forward,Transfer_year_2022,Europe,no_participation,right
Age_16_21,Heights_178_183,matches_0_20,goals_1_5,y_card_0_2,Homegrown,Forward,Transfer_year_2022,Europe,no_participation,right
Age_23_25,Heights_188_206,matches_37_56,goals_1_5,y_card_5_18,not_Homegrown,Defender,Transfer_year_2022,Europe,europa_league,right
Age_23_25,Heights_178_183,matches_37_56,goals_5_36,y_card_5_18,Homegrown,Midfielder,Transfer_year_2022,Africa,europa_league,left
Age_28_36,Heights_178_183,matches_20_30,goals_5_36,y_card_0_2,not_Homegrown,Forward,Transfer_year_2022,Europe,champions_league,right
Age_23_25,Heights_159_178,matches_30_37,goals_1_5,y_card_2_5,Homegrown,Defender,Transfer_year_2022,Europe,no_participation,right
Age_28_36,Heights_178_183,matches_37_56,goals_1_5,y_card_5_18,not_Homegrown,Midfielder,Transfer_year_2022,Europe,no_participation,right
Age_23_25,Heights_183_188,matches_20_30,goals_0_1,y_card_5_18,not_Homegrown,Defender,Transfer_year_2022,South_America,no_participation,right
Age_16_21,Heights_183_188,matches_30_37,goals_1_5,y_card_2_5,not_Homegrown,Defender,Transfer_year_2022,Europe,no_participation,left
Age_16_21,Heights_183_188,matches_37_56,goals_1_5,y_card_2_5,Homegrown,Defender,Transfer_year_2022,Europe,no_participation,right
Age_23_25,Heights_159_178,matches_30_37,goals_1_5,y_card_0_2,not_Homegrown,Forward,Transfer_year_2022,Europe,no_participation,right
Age_23_25,Heights_178_183,matches_37_56,goals_1_5,y_card_5_18,Homegrown,Defender,Transfer_year_2022,North_America,europa_league,right
Age_23_25,Heights_178_183,matches_37_56,goals_5_36,y_card_2_5,not_Homegrown,Midfielder,Transfer_year_2022,South_America,europa_league,left
Age_21_23,Heights_188_206,matches_37_56,goals_5_36,y_card_5_18,not_Homegrown,Forward,Transfer_year_2022,Europe,no_participation,right
Age_25_28,Heights_188_206,matches_37_56,goals_1_5,y_card_2_5,not_Homegrown,Defender,Transfer_year_2022,Africa,no_participation,left
Age_23_25,Heights_178_183,matches_20_30,goals_5_36,y_card_2_5,not_Homegrown,Forward,Transfer_year_2022,Africa,no_participation,left
Age_23_25,Heights_183_188,matches_30_37,goals_1_5,y_card_2_5,not_Homegrown,Defender,Transfer_year_2022,Europe,champions_league,both
Age_21_23,Heights_159_178,matches_37_56,goals_0_1,y_card_5_18,Homegrown,Midfielder,Transfer_year_2022,Europe,no_participation,right
Age_28_36,Heights_188_206,matches_0_20,goals_0_1,y_card_0_2,not_Homegrown,Goalkeeper,Transfer_year_2022,Europe,europa_league,right
Age_28_36,Heights_183_188,matches_0_20,goals_0_1,y_card_2_5,Homegrown,Defender,Transfer_year_2022,Europe,no_participation,right
Age_23_25,Heights_183_188,matches_37_56,goals_1_5,y_card_2_5,Homegrown,Midfielder,Transfer_year_2023,Europe,no_participation,right
Age_23_25,Heights_188_206,matches_37_56,goals_5_36,y_card_2_5,not_Homegrown,Forward,Transfer_year_2023,Europe,champions_league,left
Age_21_23,Heights_178_183,matches_37_56,goals_1_5,y_card_2_5,not_Homegrown,Defender,Transfer_year_2023,Europe,Multiple,right
Age_21_23,Heights_159_178,matches_37_56,goals_5_36,y_card_2_5,Homegrown,Forward,Transfer_year_2023,North_America,no_participation,right
Age_28_36,Heights_183_188,matches_37_56,goals_5_36,y_card_5_18,not_Homegrown,Midfielder,Transfer_year_2023,Europe,europa_league,left
Age_28_36,Heights_188_206,matches_0_20,goals_0_1,y_card_0_2,not_Homegrown,Goalkeeper,Transfer_year_2023,North_America,europa_league,right
Age_28_36,Heights_188_206,matches_30_37,goals_0_1,y_card_2_5,not_Homegrown,Defender,Transfer_year_2023,Europe,no_participation,left
Age_23_25,Heights_188_206,matches_37_56,goals_1_5,y_card_5_18,not_Homegrown,Defender,Transfer_year_2023,North_America,no_participation,left
Age_25_28,Heights_188_206,matches_20_30,goals_1_5,y_card_0_2,Homegrown,Defender,Transfer_year_2023,Europe,europa_league,right
Age_23_25,Heights_159_178,matches_37_56,goals_5_36,y_card_5_18,not_Homegrown,Forward,Transfer_year_2023,Europe,Multiple,left
Age_25_28,Heights_188_206,matches_30_37,goals_0_1,y_card_5_18,not_Homegrown,Defender,Transfer_year_2023,Europe,no_participation,left
Age_16_21,Heights_183_188,matches_30_37,goals_5_36,y_card_5_18,Homegrown,Midfielder,Transfer_year_2023,Europe,no_participation,right
Age_21_23,Heights_188_206,matches_0_20,goals_0_1,y_card_0_2,not_Homegrown,Goalkeeper,Transfer_year_2023,Oceania,no_participation,right
Age_16_21,Heights_159_178,matches_20_30,goals_5_36,y_card_0_2,Homegrown,Forward,Transfer_year_2023,Europe,no_participation,right
Age_16_21,Heights_178_183,matches_37_56,goals_1_5,y_card_0_2,Homegrown,Forward,Transfer_year_2023,Europe,no_participation,right
Age_28_36,Heights_159_178,matches_0_20,goals_0_1,y_card_0_2,not_Homegrown,Midfielder,Transfer_year_2023,Africa,no_participation,left
Age_23_25,Heights_188_206,matches_30_37,goals_5_36,y_card_5_18,Homegrown,Forward,Transfer_year_2023,Europe,no_participation,left
Age_23_25,Heights_159_178,matches_20_30,goals_0_1,y_card_5_18,not_Homegrown,Midfielder,Transfer_year_2023,North_America,no_participation,right
Age_21_23,Heights_159_178,matches_0_20,goals_0_1,y_card_0_2,not_Homegrown,Midfielder,Transfer_year_2023,Africa,no_participation,right
Age_16_21,Heights_159_178,matches_37_56,goals_1_5,y_card_5_18,Homegrown,Midfielder,Transfer_year_2023,Europe,no_participation,right
Age_16_21,Heights_178_183,matches_37_56,goals_1_5,y_card_5_18,not_Homegrown,Defender,Transfer_year_2023,Europe,no_participation,left
Age_23_25,Heights_178_183,matches_20_30,goals_1_5,y_card_0_2,not_Homegrown,Midfielder,Transfer_year_2023,Europe,no_participation,left
Age_23_25,Heights_159_178,matches_20_30,goals_5_36,y_card_2_5,not_Homegrown,Midfielder,Transfer_year_2023,Europe,no_participation,both
Age_21_23,Heights_159_178,matches_37_56,goals_0_1,y_card_5_18,Homegrown,Defender,Transfer_year_2023,Europe,no_participation,right
Age_25_28,Heights_159_178,matches_20_30,goals_0_1,y_card_5_18,Homegrown,Midfielder,Transfer_year_2023,Europe,no_participation,right
Age_21_23,Heights_188_206,matches_30_37,goals_0_1,y_card_0_2,Homegrown,Defender,Transfer_year_2023,Europe,no_participation,right
Age_16_21,Heights_183_188,matches_30_37,goals_1_5,y_card_2_5,not_Homegrown,Forward,Transfer_year_2023,Europe,europa_league,right
Age_28_36,Heights_188_206,matches_37_56,goals_0_1,y_card_0_2,not_Homegrown,Goalkeeper,Transfer_year_2023,Europe,europa_league,both
Age_16_21,Heights_178_183,matches_0_20,goals_0_1,y_card_0_2,not_Homegrown,Midfielder,Transfer_year_2023,Asia,no_participation,right
Age_21_23,Heights_188_206,matches_20_30,goals_0_1,y_card_0_2,not_Homegrown,Goalkeeper,Transfer_year_2023,Europe,no_participation,right
Age_21_23,Heights_159_178,matches_20_30,goals_0_1,y_card_2_5,not_Homegrown,Midfielder,Transfer_year_2023,Europe,no_participation,right
Age_21_23,Heights_178_183,matches_0_20,goals_0_1,y_card_0_2,not_Homegrown,Forward,Transfer_year_2023,Asia,no_participation,right
Age_25_28,Heights_159_178,matches_0_20,goals_1_5,y_card_0_2,Homegrown,Forward,Transfer_year_2023,Europe,no_participation,right
Age_16_21,Heights_178_183,matches_30_37,goals_5_36,y_card_5_18,Homegrown,Forward,Transfer_year_2023,South_America,no_participation,right
Age_16_21,Heights_178_183,matches_20_30,goals_0_1,y_card_2_5,not_Homegrown,Midfielder,Transfer_year_2023,Africa,no_participation,left
Age_16_21,Heights_188_206,matches_30_37,goals_0_1,y_card_0_2,not_Homegrown,Goalkeeper,Transfer_year_2023,Europe,no_participation,right
Age_23_25,Heights_183_188,matches_37_56,goals_0_1,y_card_5_18,not_Homegrown,Defender,Transfer_year_2023,South_America,no_participation,left
Age_16_21,Heights_159_178,matches_20_30,goals_1_5,y_card_5_18,not_Homegrown,Defender,Transfer_year_2023,South_America,no_participation,left
Age_16_21,Heights_159_178,matches_37_56,goals_0_1,y_card_5_18,not_Homegrown,Midfielder,Transfer_year_2023,South_America,no_participation,right
Age_23_25,Heights_159_178,matches_37_56,goals_5_36,y_card_5_18,not_Homegrown,Midfielder,Transfer_year_2023,South_America,no_participation,right
Age_23_25,Heights_188_206,matches_20_30,goals_0_1,y_card_0_2,Homegrown,Goalkeeper,Transfer_year_2023,Europe,no_participation,right
Age_23_25,Heights_183_188,matches_37_56,goals_5_36,y_card_2_5,not_Homegrown,Forward,Transfer_year_2023,Europe,no_participation,left
Age_21_23,Heights_159_178,matches_30_37,goals_1_5,y_card_0_2,not_Homegrown,Midfielder,Transfer_year_2023,Europe,no_participation,right
Age_21_23,Heights_159_178,matches_0_20,goals_1_5,y_card_0_2,Homegrown,Forward,Transfer_year_2023,Europe,no_participation,right
Age_21_23,Heights_159_178,matches_20_30,goals_0_1,y_card_2_5,not_Homegrown,Midfielder,Transfer_year_2023,Europe,no_participation,right
Age_21_23,Heights_183_188,matches_37_56,goals_5_36,y_card_0_2,not_Homegrown,Forward,Transfer_year_2023,Europe,no_participation,both
Age_16_21,Heights_188_206,matches_37_56,goals_0_1,y_card_2_5,Homegrown,Goalkeeper,Transfer_year_2023,Europe,no_participation,right
Age_16_21,Heights_178_183,matches_30_37,goals_5_36,y_card_0_2,Homegrown,Midfielder,Transfer_year_2023,Europe,no_participation,right
Age_21_23,Heights_183_188,matches_30_37,goals_0_1,y_card_2_5,not_Homegrown,Defender,Transfer_year_2023,Europe,no_participation,right
Age_23_25,Heights_188_206,matches_37_56,goals_5_36,y_card_2_5,not_Homegrown,Midfielder,Transfer_year_2023,Europe,no_participation,right
Age_16_21,Heights_178_183,matches_30_37,goals_1_5,y_card_0_2,not_Homegrown,Forward,Transfer_year_2023,Europe,no_participation,right
Age_23_25,Heights_188_206,matches_37_56,goals_1_5,y_card_5_18,Homegrown,Defender,Transfer_year_2023,Europe,no_participation,right
Age_21_23,Heights_159_178,matches_30_37,goals_1_5,y_card_5_18,Homegrown,Forward,Transfer_year_2023,Europe,no_participation,right
Age_23_25,Heights_178_183,matches_0_20,goals_0_1,y_card_2_5,not_Homegrown,Defender,Transfer_year_2023,Europe,no_participation,left
Age_16_21,Heights_159_178,matches_0_20,goals_0_1,y_card_0_2,not_Homegrown,Forward,Transfer_year_2023,Europe,no_participation,right
Age_21_23,Heights_183_188,matches_37_56,goals_5_36,y_card_5_18,Homegrown,Defender,Transfer_year_2023,Europe,no_participation,right
Age_16_21,Heights_178_183,matches_30_37,goals_0_1,y_card_5_18,Homegrown,Midfielder,Transfer_year_2023,Europe,no_participation,right
Age_23_25,Heights_159_178,matches_30_37,goals_5_36,y_card_5_18,not_Homegrown,Forward,Transfer_year_2023,Europe,champions_league,right
Age_16_21,Heights_183_188,matches_20_30,goals_0_1,y_card_0_2,Homegrown,Midfielder,Transfer_year_2023,Europe,champions_league,left
Age_23_25,Heights_188_206,matches_37_56,goals_1_5,y_card_2_5,not_Homegrown,Defender,Transfer_year_2023,Europe,europa_league,right
Age_21_23,Heights_183_188,matches_30_37,goals_5_36,y_card_5_18,not_Homegrown,Forward,Transfer_year_2023,Africa,no_participation,right
Age_16_21,Heights_188_206,matches_30_37,goals_0_1,y_card_2_5,not_Homegrown,Midfielder,Transfer_year_2023,Europe,europa_league,right
Age_21_23,Heights_188_206,matches_20_30,goals_0_1,y_card_0_2,not_Homegrown,Goalkeeper,Transfer_year_2023,Europe,no_participation,right
Age_16_21,Heights_183_188,matches_0_20,goals_1_5,y_card_0_2,not_Homegrown,Forward,Transfer_year_2023,South_America,no_participation,right
Age_23_25,Heights_178_183,matches_30_37,goals_1_5,y_card_5_18,Homegrown,Midfielder,Transfer_year_2023,Europe,champions_league,right
Age_28_36,Heights_159_178,matches_30_37,goals_1_5,y_card_5_18,not_Homegrown,Midfielder,Transfer_year_2023,Europe,champions_league,right
Age_28_36,Heights_183_188,matches_30_37,goals_1_5,y_card_5_18,not_Homegrown,Defender,Transfer_year_2023,Africa,champions_league,right
Age_23_25,Heights_159_178,matches_20_30,goals_0_1,y_card_0_2,not_Homegrown,Forward,Transfer_year_2023,North_America,champions_league,right
Age_25_28,Heights_188_206,matches_30_37,goals_0_1,y_card_0_2,Homegrown,Midfielder,Transfer_year_2023,Europe,champions_league,right
Age_28_36,Heights_188_206,matches_0_20,goals_0_1,y_card_0_2,not_Homegrown,Goalkeeper,Transfer_year_2023,Africa,champions_league,right
Age_21_23,Heights_178_183,matches_30_37,goals_0_1,y_card_5_18,Homegrown,Defender,Transfer_year_2023,Europe,no_participation,right
Age_21_23,Heights_159_178,matches_20_30,goals_0_1,y_card_0_2,Homegrown,Forward,Transfer_year_2023,Europe,Multiple,right
Age_16_21,Heights_178_183,matches_20_30,goals_1_5,y_card_2_5,Homegrown,Midfielder,Transfer_year_2023,Europe,no_participation,left
Age_16_21,Heights_183_188,matches_0_20,goals_1_5,y_card_0_2,not_Homegrown,Midfielder,Transfer_year_2023,South_America,no_participation,right
Age_25_28,Heights_183_188,matches_0_20,goals_0_1,y_card_0_2,Homegrown,Goalkeeper,Transfer_year_2023,Europe,no_participation,right
Age_25_28,Heights_178_183,matches_20_30,goals_5_36,y_card_5_18,not_Homegrown,Defender,Transfer_year_2023,South_America,no_participation,right
Age_23_25,Heights_188_206,matches_30_37,goals_5_36,y_card_0_2,not_Homegrown,Forward,Transfer_year_2023,Africa,no_participation,right
Age_16_21,Heights_188_206,matches_20_30,goals_1_5,y_card_2_5,not_Homegrown,Forward,Transfer_year_2023,Europe,europa_league,right
Age_21_23,Heights_178_183,matches_37_56,goals_5_36,y_card_5_18,not_Homegrown,Forward,Transfer_year_2023,Europe,Multiple,right
Age_25_28,Heights_178_183,matches_37_56,goals_1_5,y_card_0_2,Homegrown,Forward,Transfer_year_2023,Africa,no_participation,right
Age_25_28,Heights_178_183,matches_30_37,goals_5_36,y_card_2_5,Homegrown,Forward,Transfer_year_2023,North_America,no_participation,right
Age_16_21,Heights_178_183,matches_30_37,goals_5_36,y_card_5_18,Homegrown,Forward,Transfer_year_2023,Europe,no_participation,right
Age_21_23,Heights_188_206,matches_20_30,goals_5_36,y_card_0_2,Homegrown,Forward,Transfer_year_2023,Europe,no_participation,right
Age_21_23,Heights_178_183,matches_37_56,goals_5_36,y_card_5_18,not_Homegrown,Defender,Transfer_year_2023,Europe,no_participation,left
Age_21_23,Heights_183_188,matches_30_37,goals_0_1,y_card_0_2,Homegrown,Defender,Transfer_year_2023,Africa,Multiple,left
Age_25_28,Heights_183_188,matches_37_56,goals_1_5,y_card_2_5,not_Homegrown,Defender,Transfer_year_2023,Europe,no_participation,right
Age_28_36,Heights_183_188,matches_0_20,goals_1_5,y_card_0_2,not_Homegrown,Forward,Transfer_year_2023,North_America,no_participation,right
Age_23_25,Heights_188_206,matches_20_30,goals_0_1,y_card_0_2,Homegrown,Goalkeeper,Transfer_year_2023,Europe,no_participation,right
Age_25_28,Heights_188_206,matches_20_30,goals_5_36,y_card_5_18,not_Homegrown,Forward,Transfer_year_2023,Europe,no_participation,right
Age_21_23,Heights_183_188,matches_37_56,goals_5_36,y_card_5_18,not_Homegrown,Midfielder,Transfer_year_2023,Europe,champions_league,right
Age_16_21,Heights_188_206,matches_30_37,goals_0_1,y_card_0_2,not_Homegrown,Midfielder,Transfer_year_2023,Europe,champions_league,right
Age_28_36,Heights_159_178,matches_37_56,goals_5_36,y_card_2_5,not_Homegrown,Midfielder,Transfer_year_2023,Asia,no_participation,right
Age_28_36,Heights_183_188,matches_37_56,goals_0_1,y_card_5_18,not_Homegrown,Midfielder,Transfer_year_2023,South_America,champions_league,right
Age_28_36,Heights_178_183,matches_37_56,goals_0_1,y_card_0_2,Homegrown,Midfielder,Transfer_year_2023,Europe,champions_league,right
Age_21_23,Heights_178_183,matches_37_56,goals_0_1,y_card_0_2,Homegrown,Defender,Transfer_year_2023,Europe,no_participation,left
Age_21_23,Heights_183_188,matches_37_56,goals_1_5,y_card_5_18,Homegrown,Forward,Transfer_year_2023,Europe,no_participation,left
Age_23_25,Heights_188_206,matches_37_56,goals_1_5,y_card_5_18,not_Homegrown,Defender,Transfer_year_2023,Europe,no_participation,right
Age_23_25,Heights_159_178,matches_37_56,goals_5_36,y_card_5_18,Homegrown,Forward,Transfer_year_2023,Europe,no_participation,right
Age_23_25,Heights_183_188,matches_0_20,goals_1_5,y_card_2_5,not_Homegrown,Defender,Transfer_year_2023,Asia,no_participation,right
Age_21_23,Heights_188_206,matches_0_20,goals_0_1,y_card_0_2,Homegrown,Defender,Transfer_year_2023,Europe,no_participation,right
Age_23_25,Heights_159_178,matches_30_37,goals_5_36,y_card_5_18,not_Homegrown,Forward,Transfer_year_2023,Africa,no_participation,right
Age_16_21,Heights_183_188,matches_37_56,goals_1_5,y_card_0_2,not_Homegrown,Defender,Transfer_year_2023,Europe,champions_league,left
Age_23_25,Heights_178_183,matches_37_56,goals_1_5,y_card_2_5,not_Homegrown,Midfielder,Transfer_year_2023,Europe,no_participation,right
Age_16_21,Heights_159_178,matches_30_37,goals_5_36,y_card_0_2,not_Homegrown,Forward,Transfer_year_2023,Europe,europa_league,right
Age_28_36,Heights_178_183,matches_37_56,goals_5_36,y_card_0_2,not_Homegrown,Forward,Transfer_year_2023,Africa,champions_league,left
Age_28_36,Heights_188_206,matches_20_30,goals_0_1,y_card_0_2,not_Homegrown,Defender,Transfer_year_2023,Europe,champions_league,left
Age_23_25,Heights_183_188,matches_0_20,goals_1_5,y_card_2_5,not_Homegrown,Midfielder,Transfer_year_2023,South_America,no_participation,right
Age_16_21,Heights_188_206,matches_37_56,goals_5_36,y_card_0_2,not_Homegrown,Forward,Transfer_year_2023,Europe,no_participation,left
Age_25_28,Heights_188_206,matches_37_56,goals_0_1,y_card_2_5,not_Homegrown,Goalkeeper,Transfer_year_2023,Africa,champions_league,right
Age_23_25,Heights_188_206,matches_30_37,goals_0_1,y_card_2_5,not_Homegrown,Goalkeeper,Transfer_year_2023,Asia,europa_league,right
Age_16_21,Heights_159_178,matches_20_30,goals_0_1,y_card_0_2,Homegrown,Forward,Transfer_year_2023,Europe,europa_league,right
Age_28_36,Heights_159_178,matches_37_56,goals_5_36,y_card_5_18,not_Homegrown,Midfielder,Transfer_year_2023,South_America,europa_league,both
Age_21_23,Heights_188_206,matches_20_30,goals_0_1,y_card_0_2,Homegrown,Goalkeeper,Transfer_year_2023,Europe,no_participation,right
Age_28_36,Heights_178_183,matches_37_56,goals_0_1,y_card_5_18,not_Homegrown,Defender,Transfer_year_2023,South_America,Multiple,left
Age_16_21,Heights_178_183,matches_0_20,goals_0_1,y_card_2_5,Homegrown,Midfielder,Transfer_year_2023,Asia,no_participation,right
Age_21_23,Heights_178_183,matches_37_56,goals_1_5,y_card_5_18,not_Homegrown,Midfielder,Transfer_year_2023,Europe,champions_league,right
Age_23_25,Heights_178_183,matches_37_56,goals_5_36,y_card_2_5,Homegrown,Forward,Transfer_year_2023,Europe,no_participation,right
Age_16_21,Heights_178_183,matches_0_20,goals_0_1,y_card_0_2,Homegrown,Defender,Transfer_year_2023,Europe,no_participation,right
Age_16_21,Heights_178_183,matches_0_20,goals_1_5,y_card_5_18,not_Homegrown,Forward,Transfer_year_2023,Africa,no_participation,left
Age_25_28,Heights_159_178,matches_30_37,goals_0_1,y_card_0_2,not_Homegrown,Forward,Transfer_year_2023,Europe,no_participation,right
Age_28_36,Heights_188_206,matches_20_30,goals_1_5,y_card_0_2,Homegrown,Forward,Transfer_year_2023,Oceania,no_participation,right
Age_28_36,Heights_188_206,matches_0_20,goals_0_1,y_card_0_2,Homegrown,Goalkeeper,Transfer_year_2023,Europe,no_participation,right
Age_23_25,Heights_188_206,matches_30_37,goals_5_36,y_card_2_5,not_Homegrown,Midfielder,Transfer_year_2023,Africa,europa_league,right
Age_16_21,Heights_183_188,matches_30_37,goals_0_1,y_card_5_18,Homegrown,Defender,Transfer_year_2023,Europe,no_participation,right
Age_16_21,Heights_178_183,matches_0_20,goals_0_1,y_card_5_18,not_Homegrown,Defender,Transfer_year_2023,South_America,no_participation,left
Age_28_36,Heights_183_188,matches_0_20,goals_0_1,y_card_0_2,not_Homegrown,Goalkeeper,Transfer_year_2023,Europe,no_participation,right
Age_23_25,Heights_178_183,matches_30_37,goals_1_5,y_card_5_18,not_Homegrown,Midfielder,Transfer_year_2023,South_America,no_participation,right
Age_28_36,Heights_188_206,matches_37_56,goals_0_1,y_card_0_2,not_Homegrown,Goalkeeper,Transfer_year_2023,Europe,champions_league,right
Age_21_23,Heights_183_188,matches_37_56,goals_5_36,y_card_5_18,Homegrown,Forward,Transfer_year_2023,Europe,no_participation,right
Age_23_25,Heights_188_206,matches_20_30,goals_1_5,y_card_2_5,Homegrown,Forward,Transfer_year_2023,Europe,no_participation,right
Age_21_23,Heights_159_178,matches_30_37,goals_0_1,y_card_5_18,not_Homegrown,Midfielder,Transfer_year_2023,South_America,no_participation,right
Age_28_36,Heights_159_178,matches_0_20,goals_0_1,y_card_0_2,not_Homegrown,Defender,Transfer_year_2023,North_America,no_participation,right
Age_25_28,Heights_178_183,matches_30_37,goals_1_5,y_card_5_18,not_Homegrown,Defender,Transfer_year_2023,Africa,no_participation,right
Age_28_36,Heights_159_178,matches_0_20,goals_0_1,y_card_2_5,not_Homegrown,Defender,Transfer_year_2023,Africa,no_participation,right
Age_25_28,Heights_159_178,matches_37_56,goals_5_36,y_card_5_18,not_Homegrown,Midfielder,Transfer_year_2023,Europe,no_participation,right
Age_23_25,Heights_183_188,matches_30_37,goals_0_1,y_card_5_18,not_Homegrown,Midfielder,Transfer_year_2023,South_America,no_participation,right
Age_16_21,Heights_159_178,matches_0_20,goals_5_36,y_card_0_2,not_Homegrown,Forward,Transfer_year_2023,Africa,no_participation,right
Age_21_23,Heights_183_188,matches_20_30,goals_1_5,y_card_5_18,not_Homegrown,Midfielder,Transfer_year_2023,Africa,no_participation,both
Age_21_23,Heights_178_183,matches_37_56,goals_5_36,y_card_5_18,not_Homegrown,Forward,Transfer_year_2023,Africa,no_participation,right
Age_25_28,Heights_159_178,matches_30_37,goals_5_36,y_card_5_18,Homegrown,Midfielder,Transfer_year_2023,Europe,no_participation,right
Age_21_23,Heights_159_178,matches_30_37,goals_1_5,y_card_2_5,not_Homegrown,Defender,Transfer_year_2023,Europe,champions_league,right
Age_21_23,Heights_188_206,matches_30_37,goals_0_1,y_card_5_18,not_Homegrown,Defender,Transfer_year_2023,Europe,no_participation,left
Age_21_23,Heights_183_188,matches_30_37,goals_1_5,y_card_2_5,not_Homegrown,Midfielder,Transfer_year_2023,Europe,champions_league,left
Age_16_21,Heights_188_206,matches_20_30,goals_1_5,y_card_0_2,not_Homegrown,Defender,Transfer_year_2023,Europe,no_participation,right
Age_25_28,Heights_188_206,matches_30_37,goals_0_1,y_card_2_5,not_Homegrown,Goalkeeper,Transfer_year_2023,Europe,no_participation,right
Age_16_21,Heights_183_188,matches_20_30,goals_5_36,y_card_0_2,not_Homegrown,Forward,Transfer_year_2023,South_America,no_participation,right
Age_16_21,Heights_188_206,matches_0_20,goals_0_1,y_card_0_2,Homegrown,Defender,Transfer_year_2023,Europe,no_participation,right
Age_28_36,Heights_183_188,matches_37_56,goals_5_36,y_card_5_18,Homegrown,Forward,Transfer_year_2023,Europe,champions_league,right
Age_25_28,Heights_159_178,matches_0_20,goals_0_1,y_card_0_2,Homegrown,Midfielder,Transfer_year_2023,Europe,no_participation,right
Age_25_28,Heights_183_188,matches_20_30,goals_0_1,y_card_0_2,not_Homegrown,Defender,Transfer_year_2023,South_America,champions_league,right
Age_21_23,Heights_159_178,matches_37_56,goals_5_36,y_card_2_5,not_Homegrown,Forward,Transfer_year_2023,Africa,Multiple,left
Age_23_25,Heights_188_206,matches_37_56,goals_1_5,y_card_5_18,not_Homegrown,Midfielder,Transfer_year_2023,North_America,Multiple,right
Age_25_28,Heights_159_178,matches_37_56,goals_5_36,y_card_5_18,Homegrown,Midfielder,Transfer_year_2023,Europe,no_participation,right
Age_23_25,Heights_188_206,matches_30_37,goals_1_5,y_card_5_18,not_Homegrown,Defender,Transfer_year_2023,Europe,no_participation,right
Age_21_23,Heights_188_206,matches_30_37,goals_1_5,y_card_2_5,not_Homegrown,Midfielder,Transfer_year_2023,Europe,no_participation,left
Age_23_25,Heights_188_206,matches_20_30,goals_5_36,y_card_2_5,not_Homegrown,Forward,Transfer_year_2023,Europe,no_participation,right
Age_23_25,Heights_178_183,matches_30_37,goals_1_5,y_card_0_2,not_Homegrown,Midfielder,Transfer_year_2023,Europe,no_participation,right
Age_25_28,Heights_159_178,matches_20_30,goals_0_1,y_card_0_2,not_Homegrown,Midfielder,Transfer_year_2023,Europe,europa_league,right
Age_28_36,Heights_178_183,matches_30_37,goals_1_5,y_card_5_18,not_Homegrown,Defender,Transfer_year_2023,Africa,no_participation,left
Age_21_23,Heights_159_178,matches_0_20,goals_0_1,y_card_0_2,Homegrown,Midfielder,Transfer_year_2023,Europe,no_participation,right
Age_21_23,Heights_183_188,matches_30_37,goals_1_5,y_card_2_5,not_Homegrown,Defender,Transfer_year_2024,Europe,no_participation,left
Age_25_28,Heights_188_206,matches_37_56,goals_5_36,y_card_5_18,not_Homegrown,Midfielder,Transfer_year_2024,Europe,champions_league,left
Age_25_28,Heights_178_183,matches_37_56,goals_0_1,y_card_0_2,Homegrown,Goalkeeper,Transfer_year_2024,Europe,champions_league,right
Age_23_25,Heights_178_183,matches_0_20,goals_0_1,y_card_0_2,Homegrown,Midfielder,Transfer_year_2024,Europe,champions_league,right
Age_23_25,Heights_159_178,matches_30_37,goals_5_36,y_card_2_5,Homegrown,Forward,Transfer_year_2024,Europe,champions_league,right
Age_25_28,Heights_188_206,matches_0_20,goals_0_1,y_card_0_2,Homegrown,Goalkeeper,Transfer_year_2024,Europe,champions_league,right
Age_21_23,Heights_188_206,matches_30_37,goals_1_5,y_card_2_5,not_Homegrown,Midfielder,Transfer_year_2024,Europe,no_participation,right
Age_21_23,Heights_159_178,matches_37_56,goals_1_5,y_card_5_18,Homegrown,Defender,Transfer_year_2024,Europe,champions_league,left
Age_23_25,Heights_159_178,matches_20_30,goals_1_5,y_card_0_2,not_Homegrown,Forward,Transfer_year_2024,Europe,champions_league,right
Age_21_23,Heights_159_178,matches_30_37,goals_1_5,y_card_0_2,Homegrown,Forward,Transfer_year_2024,Europe,no_participation,right
Age_21_23,Heights_178_183,matches_30_37,goals_5_36,y_card_5_18,Homegrown,Forward,Transfer_year_2024,Europe,no_participation,right
Age_16_21,Heights_178_183,matches_20_30,goals_0_1,y_card_0_2,Homegrown,Forward,Transfer_year_2024,Europe,no_participation,left
Age_16_21,Heights_159_178,matches_0_20,goals_1_5,y_card_0_2,Homegrown,Forward,Transfer_year_2024,Europe,no_participation,right
Age_21_23,Heights_183_188,matches_37_56,goals_0_1,y_card_5_18,not_Homegrown,Midfielder,Transfer_year_2024,South_America,no_participation,right
Age_16_21,Heights_183_188,matches_20_30,goals_1_5,y_card_2_5,not_Homegrown,Defender,Transfer_year_2024,Europe,no_participation,right
Age_28_36,Heights_188_206,matches_30_37,goals_1_5,y_card_5_18,Homegrown,Midfielder,Transfer_year_2024,Europe,no_participation,right
Age_16_21,Heights_183_188,matches_20_30,goals_5_36,y_card_2_5,not_Homegrown,Forward,Transfer_year_2024,South_America,champions_league,left
Age_23_25,Heights_159_178,matches_37_56,goals_5_36,y_card_2_5,not_Homegrown,Forward,Transfer_year_2024,Europe,no_participation,left
Age_25_28,Heights_159_178,matches_37_56,goals_5_36,y_card_5_18,not_Homegrown,Midfielder,Transfer_year_2024,South_America,no_participation,right
Age_28_36,Heights_183_188,matches_0_20,goals_0_1,y_card_2_5,not_Homegrown,Defender,Transfer_year_2024,South_America,champions_league,right
Age_16_21,Heights_178_183,matches_0_20,goals_0_1,y_card_0_2,Homegrown,Midfielder,Transfer_year_2024,Europe,no_participation,right
Age_28_36,Heights_178_183,matches_30_37,goals_1_5,y_card_2_5,not_Homegrown,Midfielder,Transfer_year_2024,Europe,no_participation,right
Age_21_23,Heights_188_206,matches_37_56,goals_0_1,y_card_2_5,Homegrown,Goalkeeper,Transfer_year_2024,Europe,no_participation,right
Age_23_25,Heights_178_183,matches_30_37,goals_5_36,y_card_2_5,not_Homegrown,Forward,Transfer_year_2024,South_America,champions_league,both
Age_23_25,Heights_159_178,matches_20_30,goals_1_5,y_card_0_2,not_Homegrown,Forward,Transfer_year_2024,South_America,no_participation,right
Age_25_28,Heights_183_188,matches_20_30,goals_1_5,y_card_0_2,not_Homegrown,Forward,Transfer_year_2024,Asia,no_participation,right
Age_16_21,Heights_188_206,matches_0_20,goals_1_5,y_card_2_5,not_Homegrown,Defender,Transfer_year_2024,Europe,no_participation,both
Age_21_23,Heights_159_178,matches_20_30,goals_1_5,y_card_5_18,not_Homegrown,Defender,Transfer_year_2024,North_America,no_participation,right
Age_16_21,Heights_159_178,matches_37_56,goals_0_1,y_card_2_5,not_Homegrown,Defender,Transfer_year_2024,South_America,no_participation,left
Age_16_21,Heights_188_206,matches_20_30,goals_0_1,y_card_0_2,not_Homegrown,Goalkeeper,Transfer_year_2024,Oceania,no_participation,right
Age_16_21,Heights_183_188,matches_0_20,goals_0_1,y_card_2_5,not_Homegrown,Defender,Transfer_year_2024,North_America,no_participation,left
Age_25_28,Heights_183_188,matches_37_56,goals_5_36,y_card_2_5,Homegrown,Forward,Transfer_year_2024,Europe,no_participation,right
Age_28_36,Heights_188_206,matches_30_37,goals_5_36,y_card_0_2,Homegrown,Forward,Transfer_year_2024,Europe,no_participation,right
Age_21_23,Heights_188_206,matches_30_37,goals_5_36,y_card_5_18,not_Homegrown,Forward,Transfer_year_2024,South_America,no_participation,right
Age_21_23,Heights_188_206,matches_30_37,goals_1_5,y_card_5_18,Homegrown,Defender,Transfer_year_2024,Europe,no_participation,right
Age_16_21,Heights_159_178,matches_30_37,goals_5_36,y_card_2_5,Homegrown,Midfielder,Transfer_year_2024,Europe,champions_league,right
Age_16_21,Heights_159_178,matches_20_30,goals_1_5,y_card_2_5,not_Homegrown,Forward,Transfer_year_2024,South_America,no_participation,right
Age_25_28,Heights_183_188,matches_0_20,goals_1_5,y_card_2_5,Homegrown,Forward,Transfer_year_2024,Europe,no_participation,right
Age_16_21,Heights_178_183,matches_30_37,goals_0_1,y_card_2_5,Homegrown,Defender,Transfer_year_2024,Europe,no_participation,right
Age_21_23,Heights_178_183,matches_37_56,goals_5_36,y_card_5_18,not_Homegrown,Forward,Transfer_year_2024,Europe,no_participation,left
Age_16_21,Heights_178_183,matches_30_37,goals_5_36,y_card_0_2,not_Homegrown,Forward,Transfer_year_2024,Africa,Multiple,left
Age_23_25,Heights_183_188,matches_30_37,goals_5_36,y_card_2_5,not_Homegrown,Midfielder,Transfer_year_2024,Europe,Multiple,right
Age_16_21,Heights_159_178,matches_20_30,goals_1_5,y_card_2_5,not_Homegrown,Forward,Transfer_year_2024,Europe,no_participation,left
Age_23_25,Heights_159_178,matches_37_56,goals_1_5,y_card_2_5,not_Homegrown,Defender,Transfer_year_2024,Asia,no_participation,right
Age_21_23,Heights_188_206,matches_37_56,goals_5_36,y_card_2_5,Homegrown,Midfielder,Transfer_year_2024,Europe,champions_league,left
Age_16_21,Heights_178_183,matches_30_37,goals_5_36,y_card_2_5,not_Homegrown,Forward,Transfer_year_2024,Africa,no_participation,right
Age_16_21,Heights_183_188,matches_0_20,goals_1_5,y_card_5_18,not_Homegrown,Midfielder,Transfer_year_2024,South_America,no_participation,right
Age_21_23,Heights_183_188,matches_20_30,goals_0_1,y_card_2_5,Homegrown,Defender,Transfer_year_2024,Europe,no_participation,left
Age_16_21,Heights_159_178,matches_0_20,goals_0_1,y_card_2_5,not_Homegrown,Midfielder,Transfer_year_2024,Africa,no_participation,right
Age_25_28,Heights_178_183,matches_30_37,goals_5_36,y_card_2_5,not_Homegrown,Forward,Transfer_year_2024,Europe,no_participation,both
Age_21_23,Heights_159_178,matches_37_56,goals_0_1,y_card_5_18,Homegrown,Midfielder,Transfer_year_2024,Europe,europa_league,right
Age_28_36,Heights_178_183,matches_37_56,goals_1_5,y_card_5_18,not_Homegrown,Midfielder,Transfer_year_2024,Europe,europa_league,right
Age_23_25,Heights_188_206,matches_0_20,goals_0_1,y_card_0_2,not_Homegrown,Midfielder,Transfer_year_2024,Europe,champions_league,right
Age_16_21,Heights_178_183,matches_20_30,goals_1_5,y_card_2_5,not_Homegrown,Midfielder,Transfer_year_2024,Europe,no_participation,right
Age_23_25,Heights_159_178,matches_20_30,goals_1_5,y_card_2_5,not_Homegrown,Forward,Transfer_year_2024,Europe,no_participation,left
Age_23_25,Heights_178_183,matches_37_56,goals_5_36,y_card_2_5,not_Homegrown,Forward,Transfer_year_2024,Europe,champions_league,right
Age_23_25,Heights_159_178,matches_37_56,goals_5_36,y_card_5_18,Homegrown,Midfielder,Transfer_year_2024,Europe,no_participation,left
Age_21_23,Heights_188_206,matches_30_37,goals_0_1,y_card_2_5,not_Homegrown,Goalkeeper,Transfer_year_2024,Europe,europa_league,right
Age_16_21,Heights_188_206,matches_0_20,goals_5_36,y_card_0_2,Homegrown,Midfielder,Transfer_year_2024,Europe,no_participation,left
Age_16_21,Heights_188_206,matches_20_30,goals_0_1,y_card_0_2,not_Homegrown,Goalkeeper,Transfer_year_2024,Europe,no_participation,left
Age_16_21,Heights_183_188,matches_0_20,goals_0_1,y_card_0_2,not_Homegrown,Defender,Transfer_year_2024,South_America,no_participation,right
Age_16_21,Heights_159_178,matches_0_20,goals_0_1,y_card_0_2,not_Homegrown,Midfielder,Transfer_year_2024,Europe,no_participation,right
Age_16_21,Heights_188_206,matches_20_30,goals_1_5,y_card_5_18,not_Homegrown,Defender,Transfer_year_2024,Europe,no_participation,left
Age_16_21,Heights_178_183,matches_20_30,goals_0_1,y_card_2_5,not_Homegrown,Defender,Transfer_year_2024,North_America,no_participation,left
Age_16_21,Heights_183_188,matches_0_20,goals_1_5,y_card_0_2,not_Homegrown,Forward,Transfer_year_2024,Europe,champions_league,right
Age_23_25,Heights_178_183,matches_37_56,goals_5_36,y_card_5_18,Homegrown,Midfielder,Transfer_year_2024,Europe,no_participation,right
Age_16_21,Heights_178_183,matches_20_30,goals_1_5,y_card_2_5,Homegrown,Defender,Transfer_year_2024,Europe,champions_league,left
Age_28_36,Heights_188_206,matches_37_56,goals_5_36,y_card_2_5,not_Homegrown,Forward,Transfer_year_2024,Europe,europa_league,left
Age_16_21,Heights_159_178,matches_37_56,goals_5_36,y_card_2_5,Homegrown,Midfielder,Transfer_year_2024,Europe,no_participation,left
Age_21_23,Heights_188_206,matches_0_20,goals_0_1,y_card_0_2,not_Homegrown,Midfielder,Transfer_year_2024,Europe,no_participation,right
Age_16_21,Heights_178_183,matches_0_20,goals_0_1,y_card_0_2,not_Homegrown,Forward,Transfer_year_2024,Europe,no_participation,left
Age_23_25,Heights_188_206,matches_30_37,goals_1_5,y_card_5_18,not_Homegrown,Defender,Transfer_year_2024,Europe,no_participation,right
Age_16_21,Heights_183_188,matches_20_30,goals_0_1,y_card_0_2,not_Homegrown,Defender,Transfer_year_2024,Africa,no_participation,left
Age_25_28,Heights_183_188,matches_30_37,goals_1_5,y_card_2_5,not_Homegrown,Forward,Transfer_year_2024,Africa,europa_league,right
Age_16_21,Heights_159_178,matches_20_30,goals_1_5,y_card_2_5,Homegrown,Forward,Transfer_year_2024,Europe,no_participation,left
Age_21_23,Heights_183_188,matches_0_20,goals_5_36,y_card_0_2,Homegrown,Forward,Transfer_year_2024,Europe,no_participation,left
Age_25_28,Heights_188_206,matches_37_56,goals_1_5,y_card_5_18,not_Homegrown,Defender,Transfer_year_2024,Europe,no_participation,right
Age_28_36,Heights_188_206,matches_20_30,goals_0_1,y_card_0_2,Homegrown,Goalkeeper,Transfer_year_2024,Europe,no_participation,right
Age_28_36,Heights_178_183,matches_30_37,goals_1_5,y_card_5_18,not_Homegrown,Forward,Transfer_year_2024,Africa,no_participation,right
Age_21_23,Heights_178_183,matches_0_20,goals_0_1,y_card_0_2,not_Homegrown,Forward,Transfer_year_2024,Europe,no_participation,left
Age_21_23,Heights_188_206,matches_30_37,goals_1_5,y_card_2_5,not_Homegrown,Defender,Transfer_year_2024,Europe,no_participation,right
Age_23_25,Heights_178_183,matches_37_56,goals_1_5,y_card_0_2,not_Homegrown,Forward,Transfer_year_2024,Africa,europa_league,right
Age_25_28,Heights_183_188,matches_0_20,goals_0_1,y_card_0_2,Homegrown,Defender,Transfer_year_2024,Europe,no_participation,right
Age_25_28,Heights_188_206,matches_37_56,goals_1_5,y_card_5_18,not_Homegrown,Midfielder,Transfer_year_2024,Europe,no_participation,right
Age_23_25,Heights_188_206,matches_30_37,goals_1_5,y_card_5_18,not_Homegrown,Defender,Transfer_year_2024,Europe,europa_league,left
Age_28_36,Heights_188_206,matches_37_56,goals_1_5,y_card_5_18,not_Homegrown,Midfielder,Transfer_year_2024,Europe,no_participation,right
Age_16_21,Heights_183_188,matches_37_56,goals_5_36,y_card_5_18,Homegrown,Forward,Transfer_year_2024,Europe,no_participation,right
Age_21_23,Heights_188_206,matches_37_56,goals_1_5,y_card_5_18,Homegrown,Defender,Transfer_year_2024,Europe,no_participation,left
Age_16_21,Heights_183_188,matches_30_37,goals_5_36,y_card_2_5,Homegrown,Forward,Transfer_year_2024,Europe,no_participation,right
Age_21_23,Heights_178_183,matches_37_56,goals_5_36,y_card_5_18,Homegrown,Forward,Transfer_year_2024,Europe,no_participation,right
Age_23_25,Heights_188_206,matches_30_37,goals_1_5,y_card_2_5,Homegrown,Defender,Transfer_year_2024,Europe,no_participation,right
Age_25_28,Heights_159_178,matches_37_56,goals_5_36,y_card_5_18,Homegrown,Midfielder,Transfer_year_2024,Europe,no_participation,right
Age_23_25,Heights_188_206,matches_0_20,goals_0_1,y_card_0_2,Homegrown,Goalkeeper,Transfer_year_2024,Europe,no_participation,right
Age_25_28,Heights_178_183,matches_30_37,goals_1_5,y_card_0_2,not_Homegrown,Forward,Transfer_year_2024,Europe,no_participation,right
Age_25_28,Heights_188_206,matches_20_30,goals_0_1,y_card_0_2,Homegrown,Goalkeeper,Transfer_year_2024,Europe,no_participation,right
Age_28_36,Heights_178_183,matches_37_56,goals_0_1,y_card_0_2,Homegrown,Defender,Transfer_year_2024,Europe,no_participation,left
Age_21_23,Heights_183_188,matches_30_37,goals_5_36,y_card_2_5,Homegrown,Forward,Transfer_year_2024,Africa,no_participation,right
Age_25_28,Heights_188_206,matches_0_20,goals_0_1,y_card_0_2,Homegrown,Defender,Transfer_year_2024,Europe,no_participation,right
Age_21_23,Heights_183_188,matches_37_56,goals_0_1,y_card_5_18,Homegrown,Midfielder,Transfer_year_2024,Africa,no_participation,right
Age_21_23,Heights_159_178,matches_20_30,goals_0_1,y_card_2_5,Homegrown,Midfielder,Transfer_year_2024,Europe,no_participation,right
Age_16_21,Heights_178_183,matches_30_37,goals_1_5,y_card_5_18,not_Homegrown,Midfielder,Transfer_year_2024,Africa,no_participation,right
Age_16_21,Heights_159_178,matches_37_56,goals_5_36,y_card_5_18,not_Homegrown,Forward,Transfer_year_2024,Africa,no_participation,left
Age_21_23,Heights_188_206,matches_30_37,goals_0_1,y_card_5_18,not_Homegrown,Defender,Transfer_year_2024,Europe,no_participation,right
Age_16_21,Heights_178_183,matches_0_20,goals_0_1,y_card_0_2,Homegrown,Midfielder,Transfer_year_2024,Europe,no_participation,right
Age_23_25,Heights_178_183,matches_0_20,goals_0_1,y_card_0_2,not_Homegrown,Defender,Transfer_year_2024,Europe,no_participation,both
Age_21_23,Heights_178_183,matches_20_30,goals_5_36,y_card_2_5,Homegrown,Forward,Transfer_year_2024,Europe,no_participation,right
Age_21_23,Heights_188_206,matches_30_37,goals_0_1,y_card_2_5,not_Homegrown,Goalkeeper,Transfer_year_2024,Asia,no_participation,left
Age_25_28,Heights_159_178,matches_30_37,goals_5_36,y_card_0_2,not_Homegrown,Forward,Transfer_year_2024,Europe,no_participation,right
Age_23_25,Heights_178_183,matches_20_30,goals_5_36,y_card_2_5,not_Homegrown,Forward,Transfer_year_2024,Africa,europa_league,right
Age_21_23,Heights_183_188,matches_20_30,goals_5_36,y_card_5_18,not_Homegrown,Midfielder,Transfer_year_2024,Europe,europa_league,right
Age_16_21,Heights_183_188,matches_0_20,goals_0_1,y_card_2_5,not_Homegrown,Defender,Transfer_year_2024,Asia,champions_league,right
Age_16_21,Heights_183_188,matches_0_20,goals_0_1,y_card_2_5,not_Homegrown,Defender,Transfer_year_2024,South_America,no_participation,right
Age_16_21,Heights_159_178,matches_37_56,goals_5_36,y_card_5_18,not_Homegrown,Forward,Transfer_year_2024,South_America,no_participation,left
Age_16_21,Heights_188_206,matches_0_20,goals_0_1,y_card_0_2,not_Homegrown,Defender,Transfer_year_2024,Africa,no_participation,right
Age_23_25,Heights_159_178,matches_37_56,goals_5_36,y_card_2_5,not_Homegrown,Forward,Transfer_year_2024,South_America,champions_league,right
Age_28_36,Heights_178_183,matches_37_56,goals_1_5,y_card_5_18,not_Homegrown,Defender,Transfer_year_2024,Europe,champions_league,right
Age_21_23,Heights_183_188,matches_37_56,goals_1_5,y_card_2_5,Homegrown,Defender,Transfer_year_2024,Europe,no_participation,right
Age_21_23,Heights_159_178,matches_0_20,goals_0_1,y_card_0_2,not_Homegrown,Forward,Transfer_year_2024,Europe,champions_league,left
Age_21_23,Heights_159_178,matches_30_37,goals_0_1,y_card_0_2,Homegrown,Midfielder,Transfer_year_2024,Europe,no_participation,right
Age_16_21,Heights_188_206,matches_37_56,goals_1_5,y_card_2_5,not_Homegrown,Defender,Transfer_year_2024,Europe,no_participation,right
Age_21_23,Heights_178_183,matches_30_37,goals_0_1,y_card_5_18,not_Homegrown,Midfielder,Transfer_year_2024,South_America,champions_league,right
Age_23_25,Heights_188_206,matches_20_30,goals_1_5,y_card_2_5,not_Homegrown,Defender,Transfer_year_2024,Europe,champions_league,right
Age_21_23,Heights_188_206,matches_30_37,goals_5_36,y_card_5_18,not_Homegrown,Forward,Transfer_year_2024,Europe,no_participation,right
Age_16_21,Heights_183_188,matches_20_30,goals_1_5,y_card_0_2,not_Homegrown,Defender,Transfer_year_2024,Europe,europa_league,left
Age_25_28,Heights_178_183,matches_20_30,goals_0_1,y_card_2_5,not_Homegrown,Defender,Transfer_year_2024,Africa,champions_league,right
Age_16_21,Heights_188_206,matches_0_20,goals_0_1,y_card_0_2,Homegrown,Defender,Transfer_year_2024,Europe,no_participation,left
Age_25_28,Heights_188_206,matches_37_56,goals_5_36,y_card_2_5,Homegrown,Midfielder,Transfer_year_2024,Europe,champions_league,right
Age_21_23,Heights_178_183,matches_30_37,goals_5_36,y_card_5_18,Homegrown,Forward,Transfer_year_2024,Europe,no_participation,both
Age_25_28,Heights_178_183,matches_20_30,goals_0_1,y_card_2_5,Homegrown,Defender,Transfer_year_2024,Europe,champions_league,right
Age_16_21,Heights_188_206,matches_0_20,goals_0_1,y_card_2_5,Homegrown,Defender,Transfer_year_2024,Europe,no_participation,right
Age_16_21,Heights_178_183,matches_0_20,goals_0_1,y_card_2_5,Homegrown,Midfielder,Transfer_year_2024,Africa,champions_league,right
Age_16_21,Heights_183_188,matches_20_30,goals_0_1,y_card_0_2,not_Homegrown,Defender,Transfer_year_2024,Europe,europa_league,left
Age_21_23,Heights_159_178,matches_20_30,goals_1_5,y_card_0_2,Homegrown,Forward,Transfer_year_2024,South_America,champions_league,right
Age_25_28,Heights_183_188,matches_0_20,goals_0_1,y_card_0_2,not_Homegrown,Midfielder,Transfer_year_2024,Europe,no_participation,right
Age_28_36,Heights_188_206,matches_0_20,goals_0_1,y_card_0_2,not_Homegrown,Goalkeeper,Transfer_year_2024,Europe,no_participation,right
Age_16_21,Heights_188_206,matches_20_30,goals_1_5,y_card_2_5,Homegrown,Forward,Transfer_year_2024,Europe,no_participation,right
Age_16_21,Heights_178_183,matches_20_30,goals_0_1,y_card_2_5,Homegrown,Midfielder,Transfer_year_2024,Europe,champions_league,right
Age_25_28,Heights_188_206,matches_37_56,goals_0_1,y_card_5_18,not_Homegrown,Defender,Transfer_year_2024,Europe,no_participation,right
Age_23_25,Heights_178_183,matches_20_30,goals_5_36,y_card_0_2,not_Homegrown,Forward,Transfer_year_2024,South_America,no_participation,right
Age_23_25,Heights_188_206,matches_30_37,goals_0_1,y_card_5_18,not_Homegrown,Defender,Transfer_year_2024,Africa,champions_league,left
Age_21_23,Heights_188_206,matches_20_30,goals_0_1,y_card_2_5,not_Homegrown,Defender,Transfer_year_2024,South_America,Multiple,left
Age_23_25,Heights_178_183,matches_30_37,goals_5_36,y_card_5_18,not_Homegrown,Forward,Transfer_year_2024,Europe,no_participation,right
Age_21_23,Heights_183_188,matches_30_37,goals_1_5,y_card_2_5,not_Homegrown,Midfielder,Transfer_year_2024,Oceania,champions_league,both
Age_23_25,Heights_188_206,matches_0_20,goals_0_1,y_card_2_5,not_Homegrown,Goalkeeper,Transfer_year_2024,South_America,no_participation,left
Age_16_21,Heights_183_188,matches_0_20,goals_0_1,y_card_0_2,not_Homegrown,Midfielder,Transfer_year_2024,Europe,no_participation,right
Age_25_28,Heights_188_206,matches_20_30,goals_0_1,y_card_2_5,not_Homegrown,Defender,Transfer_year_2024,Africa,no_participation,left
Age_25_28,Heights_159_178,matches_30_37,goals_1_5,y_card_5_18,not_Homegrown,Midfielder,Transfer_year_2024,Europe,no_participation,right
Age_25_28,Heights_188_206,matches_0_20,goals_0_1,y_card_0_2,Homegrown,Defender,Transfer_year_2024,Europe,no_participation,right
Age_28_36,Heights_178_183,matches_30_37,goals_0_1,y_card_5_18,not_Homegrown,Midfielder,Transfer_year_2024,Europe,no_participation,right
Age_23_25,Heights_159_178,matches_30_37,goals_1_5,y_card_5_18,Homegrown,Midfielder,Transfer_year_2024,Europe,no_participation,right
Age_16_21,Heights_159_178,matches_20_30,goals_0_1,y_card_5_18,not_Homegrown,Midfielder,Transfer_year_2024,Europe,no_participation,right
Age_23_25,Heights_183_188,matches_30_37,goals_5_36,y_card_2_5,Homegrown,Forward,Transfer_year_2024,South_America,europa_league,right
Age_23_25,Heights_178_183,matches_30_37,goals_1_5,y_card_0_2,not_Homegrown,Defender,Transfer_year_2024,Asia,no_participation,right
Age_16_21,Heights_183_188,matches_0_20,goals_0_1,y_card_0_2,not_Homegrown,Defender,Transfer_year_2024,Europe,no_participation,right
Age_21_23,Heights_183_188,matches_20_30,goals_0_1,y_card_5_18,Homegrown,Defender,Transfer_year_2024,Europe,no_participation,right
Age_16_21,Heights_183_188,matches_37_56,goals_1_5,y_card_0_2,Homegrown,Defender,Transfer_year_2024,Europe,no_participation,right
Age_16_21,Heights_159_178,matches_37_56,goals_1_5,y_card_2_5,not_Homegrown,Midfielder,Transfer_year_2024,South_America,no_participation,right
Age_21_23,Heights_178_183,matches_30_37,goals_5_36,y_card_0_2,not_Homegrown,Forward,Transfer_year_2024,Europe,no_participation,right
Age_25_28,Heights_183_188,matches_0_20,goals_0_1,y_card_0_2,not_Homegrown,Defender,Transfer_year_2024,South_America,no_participation,right
Age_25_28,Heights_188_206,matches_20_30,goals_0_1,y_card_2_5,not_Homegrown,Defender,Transfer_year_2024,Europe,no_participation,right
Age_25_28,Heights_159_178,matches_20_30,goals_0_1,y_card_2_5,not_Homegrown,Defender,Transfer_year_2024,Europe,no_participation,left
Age_16_21,Heights_183_188,matches_37_56,goals_0_1,y_card_0_2,Homegrown,Defender,Transfer_year_2024,Europe,no_participation,right
Age_16_21,Heights_178_183,matches_30_37,goals_1_5,y_card_2_5,not_Homegrown,Forward,Transfer_year_2024,Europe,no_participation,right
Age_16_21,Heights_188_206,matches_20_30,goals_0_1,y_card_0_2,not_Homegrown,Goalkeeper,Transfer_year_2024,Europe,europa_league,right
Age_16_21,Heights_183_188,matches_0_20,goals_1_5,y_card_0_2,not_Homegrown,Midfielder,Transfer_year_2024,Europe,no_participation,right
Age_16_21,Heights_159_178,matches_37_56,goals_5_36,y_card_0_2,not_Homegrown,Forward,Transfer_year_2024,Asia,no_participation,right
Age_23_25,Heights_178_183,matches_20_30,goals_0_1,y_card_2_5,not_Homegrown,Defender,Transfer_year_2024,South_America,no_participation,right
Age_25_28,Heights_188_206,matches_37_56,goals_0_1,y_card_5_18,Homegrown,Defender,Transfer_year_2024,Europe,no_participation,right
Age_25_28,Heights_159_178,matches_20_30,goals_1_5,y_card_0_2,not_Homegrown,Midfielder,Transfer_year_2024,South_America,no_participation,left
Age_25_28,Heights_188_206,matches_37_56,goals_1_5,y_card_5_18,Homegrown,Defender,Transfer_year_2024,Europe,no_participation,left
Age_21_23,Heights_159_178,matches_37_56,goals_5_36,y_card_5_18,not_Homegrown,Forward,Transfer_year_2024,Europe,no_participation,right
Age_28_36,Heights_188_206,matches_37_56,goals_5_36,y_card_0_2,not_Homegrown,Forward,Transfer_year_2024,Europe,champions_league,right
Age_16_21,Heights_159_178,matches_0_20,goals_0_1,y_card_0_2,not_Homegrown,Forward,Transfer_year_2024,South_America,no_participation,left
Age_25_28,Heights_159_178,matches_30_37,goals_1_5,y_card_2_5,not_Homegrown,Forward,Transfer_year_2024,Africa,europa_league,right
Age_25_28,Heights_183_188,matches_20_30,goals_0_1,y_card_5_18,not_Homegrown,Defender,Transfer_year_2024,Europe,europa_league,both
Age_23_25,Heights_183_188,matches_30_37,goals_0_1,y_card_2_5,Homegrown,Goalkeeper,Transfer_year_2024,Europe,no_participation,left
Age_16_21,Heights_178_183,matches_0_20,goals_1_5,y_card_0_2,Homegrown,Forward,Transfer_year_2024,Europe,europa_league,left
Age_21_23,Heights_159_178,matches_0_20,goals_0_1,y_card_2_5,not_Homegrown,Midfielder,Transfer_year_2024,South_America,no_participation,right
Age_25_28,Heights_188_206,matches_0_20,goals_0_1,y_card_2_5,not_Homegrown,Defender,Transfer_year_2024,Africa,no_participation,right
Age_25_28,Heights_183_188,matches_20_30,goals_1_5,y_card_2_5,not_Homegrown,Midfielder,Transfer_year_2024,Africa,no_participation,right
Age_16_21,Heights_159_178,matches_20_30,goals_5_36,y_card_2_5,not_Homegrown,Midfielder,Transfer_year_2024,Europe,no_participation,right
Age_21_23,Heights_188_206,matches_20_30,goals_1_5,y_card_0_2,not_Homegrown,Defender,Transfer_year_2024,Africa,champions_league,right
Age_16_21,Heights_159_178,matches_0_20,goals_0_1,y_card_0_2,not_Homegrown,Defender,Transfer_year_2024,South_America,no_participation,right
Age_16_21,Heights_188_206,matches_0_20,goals_0_1,y_card_0_2,not_Homegrown,Defender,Transfer_year_2024,Europe,no_participation,left
Age_25_28,Heights_159_178,matches_37_56,goals_5_36,y_card_5_18,not_Homegrown,Forward,Transfer_year_2024,Europe,europa_league,right
Age_28_36,Heights_183_188,matches_0_20,goals_0_1,y_card_2_5,not_Homegrown,Midfielder,Transfer_year_2024,Africa,no_participation,right
Age_21_23,Heights_159_178,matches_0_20,goals_0_1,y_card_0_2,Homegrown,Midfielder,Transfer_year_2024,Europe,no_participation,right
